"","空港i","空港j","航空会社","運航回数","運航キロメートル","運航時間","旅客数","座席数","X","人キロメートル","座席キロメートル","座席利用率","貨物","超過手荷物","郵便物","旅客","貨物.1","超過手荷物.1","郵便物.1","計","利用可能.トンキロメートル","重量利用率...","DIS","Seat","Freq","MC","V27","V28","V29"
"1","東京","新千歳","JAL",6604,5903976,"10,177:02",1754613,2936503,"445","1,568,624,022","2,625,233,682",59.8,37511879,"10,529","1,941,826","117,646,801","33,535,620","9,412","1,735,993","152,927,826","305,577,694",50,894,444.655208964264,6598.67554085221,9834,18,8,1
"2","新千歳","東京","JAL",6597,5897718,"10,363:47",1809380,2932480,"445","1,617,585,720","2,621,637,120",61.7,45127017,"10,856","2,168,668","121,318,927","40,343,553","9,704","1,938,790","163,610,974","306,827,148",53.3,894,444.517204790056,6597.14525984987,9834,8,18,1
"3","東京","新千歳","ANA",6078,5433732,"9,603:12",1715570,2809869,"462","1,533,719,580","2,512,022,886",61.1,41168689,"30,270","3,098,436","115,028,970","36,804,808","27,061","2,770,000","154,630,839","460,326,128",33.6,894,462.30157946693,6073.53943547999,9834,18,8,2
"4","新千歳","東京","ANA",6079,5434626,"9,872:53",1750844,2799347,"460","1,565,254,536","2,502,616,218",62.5,41378944,"25,772","1,803,601","117,394,091","36,992,774","23,040","1,612,421","156,022,326","457,656,215",34.1,894,460.494653725942,6083.35053910787,9834,8,18,2
"5","東京","新千歳","SKY",2903,2595282,"4,680:39",397362,513831,"177","355,241,628","459,364,914",77.3,0,"9,841","0","26,643,122","0","8,799","0","26,651,921","48,354,310",55.1,894,177,2904.24715504199,4917,18,8,4
"6","新千歳","東京","SKY",2894,2587236,"4,730:18",396256,512238,"177","354,252,864","457,940,772",77.4,0,"10,280","0","26,568,965","0","9,191","0","26,578,156","48,204,399",55.1,894,177,2892.42178717937,4917,8,18,4
"7","東京","新千歳","ADO",3495,3124530,"5,260:03",602707,849131,"243","538,820,058","759,123,114",71,4874169,"18,057","0","40,411,506","4,357,507","16,142","0","44,785,155","108,743,873",41.2,894,242.955937052933,3493.97964457482,8046,18,8,7
"8","新千歳","東京","ADO",3487,3117378,"5,555:05",598819,848671,"243","535,344,186","758,711,874",70.6,3757075,"18,115","0","40,150,815","3,358,824","16,196","0","43,525,835","108,704,504",40,894,243.381416690565,3485.00540403344,8046,8,18,7
"9","東京","大阪","JAL",5463,2807982,"6,119:26",1262583,2050767,"375","648,967,662","1,054,094,238",61.6,24067801,"7,576","1,801,647","48,672,574","12,370,851","3,894","926,048","61,973,367","129,085,498",48,514,375.392092257002,5460.01839023688,5654,18,25,1
"10","大阪","東京","JAL",5462,2807468,"6,161:32",1315634,2049517,"375","676,235,876","1,053,451,738",64.2,15608944,"7,895","810,766","50,717,691","8,022,997","4,059","416,733","59,161,480","129,032,298",45.9,514,375.231966312706,5461.3527824929,5654,25,18,1
"11","東京","大阪","ANA",5096,2619344,"5,634:53",1324401,2155994,"423","680,742,114","1,108,180,916",61.4,16236237,"9,750","2,426,233","51,055,658","8,345,426","5,013","1,247,084","60,653,181","238,661,542",25.4,514,423.075745682889,5098.38937354316,5654,18,25,2
"12","大阪","東京","ANA",5091,2616774,"5,975:26",1347162,2154392,"423","692,441,268","1,107,357,488",62.5,12415705,"9,974","1,088,445","51,933,096","6,381,673","5,128","559,462","58,879,359","238,506,341",24.7,514,423.17658613239,5093.52187865532,5654,25,18,2
"13","東京","関西","JAL",2281,1546518,"2,934:16",249460,374347,"164","169,133,880","253,807,266",66.6,189389,"1,498","222,910","12,685,040","128,405","1,015","151,135","12,965,595","27,826,206",46.6,678,164.115300306883,2282.32568117755,7458,18,25,1
"14","関西","東京","JAL",2280,1545840,"2,564:35",243321,375328,"165","164,971,638","254,472,384",64.8,689417,"1,459","517,432","12,372,874","467,425","989","350,818","13,192,106","27,885,124",47.3,678,164.617543859649,2281.01672255852,7458,25,18,1
"15","東京","関西","ANA",1617,1096326,"2,033:02",242305,367216,"227","164,282,790","248,972,448",66,3310927,"2,624","383,507","12,321,211","2,244,809","1,779","260,018","14,827,817","49,495,847",30,678,227.097093382808,1616.61596989238,7458,18,25,2
"16","関西","東京","ANA",1934,1311252,"2,269:21",230813,367208,"190","156,491,214","248,967,024",62.9,2691252,"2,041","950,047","11,736,841","1,824,668","1,384","644,132","14,207,025","64,697,152",22,678,189.869700103413,1932.65331459713,7458,25,18,2
"17","東京","関西","SFJ",1455,986490,"1,806:39",150657,209520,"144","102,145,446","142,054,560",71.9,0,"502","0","7,660,909","0","341","0","7,661,250","15,258,042",50.2,678,144,1455.1170607325,6102,18,25,3
"18","関西","東京","SFJ",1456,987168,"1,721:20",158283,209664,"144","107,315,874","142,152,192",75.5,0,"539","0","8,048,691","0","366","0","8,049,057","15,268,529",52.7,678,144,1455.87748344371,6102,25,18,3
"19","東京","福岡","JAL",6779,7056939,"12,468:08",1526552,2622464,"387","1,589,140,632","2,729,985,024",58.2,32322041,"9,160","4,092,986","119,185,548","33,647,244","9,534","4,260,797","157,103,123","332,674,349",47.2,1041,386.851157987904,6780.23453360847,11451,18,37,1
"20","福岡","東京","JAL",6777,7054857,"10,470:03",1546302,2622485,"387","1,609,700,382","2,730,006,885",59,41041524,"9,279","1,311,643","120,727,529","42,724,227","9,658","1,365,419","164,826,833","332,673,099",49.5,1041,386.968422605873,6772.77703903753,11451,37,18,1
"21","東京","福岡","ANA",6414,6676974,"11,755:05",1605033,2669681,"416","1,670,839,353","2,779,137,921",60.1,33578705,"22,589","1,849,626","125,312,951","34,955,433","23,515","1,925,460","162,217,359","547,003,402",29.7,1041,416.227159338946,6416.217523109,11451,18,37,2
"22","福岡","東京","ANA",6411,6673851,"10,159:50",1639873,2662324,"415","1,707,107,793","2,771,479,284",61.6,32349941,"22,588","991,021","128,033,085","33,676,288","23,514","1,031,653","162,764,540","545,913,915",29.8,1041,415.274372172828,6410.53643541137,11451,37,18,2
"23","東京","福岡","SKY",3631,3779871,"6,987:51",589790,721349,"199","613,971,390","750,924,309",81.8,0,"11,172","0","46,047,855","0","11,630","0","46,059,485","90,928,997",50.7,1041,198.6640044065,3629.31710795145,5725.5,18,37,4
"24","福岡","東京","SKY",3628,3776748,"5,723:40",601398,720818,"199","626,055,318","750,371,538",83.4,0,"12,824","0","46,954,148","0","13,351","0","46,967,499","90,870,810",51.7,1041,198.681918412348,3629.42297510876,5725.5,37,18,4
"25","東京","那覇","JAL",4232,7139384,"11,217:57",1279999,2035566,"481","2,159,358,313","3,433,999,842",62.9,39015803,"9,600","1,089,710","161,951,875","65,819,660","16,195","1,838,341","229,626,071","366,416,400",62.7,1687,480.993856332703,4230.77038512214,18557,18,46,1
"26","那覇","東京","JAL",4224,7125888,"9,476:17",1285780,2023063,"479","2,169,110,860","3,412,907,281",63.6,27117403,"9,645","243,093","162,683,316","45,747,058","16,272","410,098","208,856,744","376,734,767",55.4,1687,478.944839015152,4221.08456335764,18557,46,18,1
"27","東京","那覇","ANA",3623,6112001,"9,668:04",1106219,1653361,"456","1,866,191,453","2,789,220,007",66.9,23484616,"21,132","2,903,273","139,964,357","39,618,548","35,650","4,897,821","184,516,376","463,134,415",39.8,1687,456.351366271046,3623.39466547459,18557,18,46,2
"28","那覇","東京","ANA",3616,6100192,"8,247:37",1075612,1654187,"457","1,814,557,444","2,790,613,469",65,23754708,"17,448","843,244","136,091,808","40,074,192","29,436","1,422,553","177,617,989","462,875,600",38.4,1687,457.463219026549,3617.31309421765,18557,46,18,2
"29","東京","那覇","JTA",17,28679,"43:50:00",1085,2400,"141","1,830,395","4,048,800",45.2,2293,"0","0","137,280","3,868","0","0","141,148","427,648",33,1687,141.176470588235,17.0031342182891,18557,18,46,9
"30","那覇","東京","JTA",257,433559,"588:27:00",32881,38470,"150","55,470,247","64,898,890",85.5,41893,"0","0","4,160,269","70,675","0","0","4,230,944","6,465,021",65.4,1687,149.688715953307,256.91522368003,18557,46,18,9
"31","東京","那覇","SKY",1087,1833769,"3,077:41",163200,209047,"192","275,318,400","352,662,289",78.1,0,"14,489","0","20,648,879","0","24,442","0","20,673,321","41,249,213",50.1,1687,192.315547378105,1086.56253208152,9278.5,18,46,4
"32","那覇","東京","SKY",1086,1832082,"2,525:32",171742,208782,"192","289,728,754","352,215,234",82.3,0,"11,632","0","21,729,658","0","19,623","0","21,749,281","41,180,018",52.8,1687,192.24861878453,1085.45907174649,9278.5,46,18,4
"33","成田","新千歳","JAL",638,569096,"1,099:57",63195,114520,"179","56,369,940","102,151,840",55.2,173935,"472","0","4,227,746","155,149","421","0","4,383,316","11,037,250",39.7,892,179.498432601881,637.797745599781,9812,18,8,1
"34","新千歳","成田","JAL",638,569096,"1,053:29",65119,114397,"179","58,086,148","102,042,124",56.9,20550,"486","0","4,356,460","18,330","433","0","4,375,223","11,022,889",39.7,892,179.305642633229,638.265690014577,9812,8,18,1
"35","成田","新千歳","ANA",364,324688,"639:12:00",34133,60246,"166","30,446,636","53,739,432",56.7,121522,"862","0","2,283,498","108,397","767","0","2,392,662","7,094,559",33.7,892,165.510989010989,363.717810474995,9812,18,8,2
"36","新千歳","成田","ANA",362,322904,"605:33:00",25842,59909,"165","23,051,064","53,438,828",43.1,701,"753","0","1,728,830","626","671","0","1,730,127","7,055,516",24.5,892,165.494475138122,362.297512402705,9812,8,18,2
"37","成田","新千歳","IBX",361,322012,"587:31:00",11796,18050,"50","10,522,032","16,100,600",65.4,0,"0","0","789,152","0","0","0","789,152","1,393,225",56.6,892,50,360.733944954128,9812,18,8,5
"38","新千歳","成田","IBX",357,318444,"594:37:00",14013,17850,"50","12,499,596","15,922,200",78.5,0,"0","0","937,470","0","0","0","937,470","1,377,785",68,892,50,357.019108280255,9812,8,18,5
"39","成田","大阪","JAL",729,429381,"986:13:00",105150,149657,"205","61,933,350","88,147,973",70.3,481919,"788","19","4,645,001","283,849","463","11","4,929,324","12,781,771",38.6,589,205.290809327846,728.592078513988,6479,18,25,1
"40","大阪","成田","JAL",728,428792,"909:09:00",108098,148948,"205","63,669,722","87,730,372",72.6,834087,"811","906,812","4,775,230","491,278","476","534,112","5,801,096","12,795,260",45.3,589,204.598901098901,727.742504992406,6479,25,18,1
"41","成田","大阪","ANA",637,375193,"817:08:00",87751,135078,"212","51,685,339","79,560,942",65,1234331,"1,892","0","3,876,401","727,022","1,115","0","4,604,538","23,911,645",19.3,589,212.053375196232,636.639423148107,6479,18,25,2
"42","大阪","成田","ANA",637,375193,"809:06:00",88647,135132,"212","52,213,083","79,592,748",65.6,6792,"1,650","0","3,915,982","4,001","971","0","3,920,954","23,916,292",16.4,589,212.138147566719,637.002931821677,6479,25,18,2
"43","成田","大阪","IBX",61,35929,"84:59:00",2268,3050,"50","1,335,852","1,796,450",74.4,0,"0","0","100,189","0","0","0","100,189","155,451",64.5,589,50,60.9677419354839,6479,18,25,5
"44","大阪","成田","IBX",61,35929,"72:20:00",2141,3050,"50","1,261,049","1,796,450",70.2,0,"0","0","94,579","0","0","0","94,579","155,451",60.8,589,50,60.997150997151,6479,25,18,5
"45","成田","関西","ANA",1,752,"1:30",0,0,"0","0","0",0,0,"0","0","0","0","0","0","0","52,654",0,752,0,NA,8272,18,25,2
"46","関西","成田","ANA",0,0,"0:00",0,0,"#DIV/0!","0","0",0,0,"0","0","0","0","0","0","0","0",0,NA,NA,NA,NA,25,18,2
"47","成田","福岡","JAL",787,871209,"1,609:26",68401,115864,"147","75,719,907","128,261,448",59,74536,"513","22,084","5,678,993","82,512","568","24,446","5,786,519","13,917,204",41.6,1107,147.222363405337,787.474780484893,12177,18,37,1
"48","福岡","成田","JAL",790,874530,"1,387:34",73111,116299,"147","80,933,877","128,742,993",62.9,10285,"549","463,637","6,070,041","11,384","607","513,246","6,595,278","13,969,676",47.2,1107,147.213924050633,789.556456986707,12177,37,18,1
"49","成田","福岡","ANA",729,807003,"1,533:18",49204,89565,"123","54,468,828","99,148,455",54.9,5005,"2,324","18,277","4,085,163","5,540","2,572","20,233","4,113,508","11,313,451",36.4,1107,122.860082304527,729.486507189119,12177,18,37,2
"50","福岡","成田","ANA",730,808110,"1,304:12",52552,89637,"123","58,175,064","99,228,159",58.6,9056,"1,188","191,600","4,363,130","10,025","1,315","212,101","4,586,571","11,320,209",40.5,1107,122.790410958904,730.343519392456,12177,37,18,2
"51","成田","那覇","JAL",3,5661,"9:13",0,0,"0","0","0",0,33570,"0","7,354","0","63,347","0","13,877","77,224","400,611",19.3,1887,0,NA,20757,18,46,1
"52","那覇","成田","JAL",4,7548,"8:54",0,0,"0","0","0",0,131728,"0","0","0","248,571","0","0","248,571","499,489",49.8,1887,0,NA,20757,46,18,1
"53","成田","那覇","ANA",365,688755,"1,075:50",54443,78519,"215","102,733,941","148,165,353",69.3,57773,"3,002","1,052,427","7,705,046","109,020","5,665","1,985,931","9,805,662","31,096,400",31.5,1887,215.120547945205,365.196762056121,20757,18,46,2
"54","那覇","成田","ANA",364,686868,"897:41:00",58693,78303,"215","110,753,691","147,757,761",75,3148,"1,188","607,050","8,306,526","5,941","2,242","1,145,504","9,460,213","31,011,157",30.5,1887,215.118131868132,363.787713540137,20757,46,18,2
"55","大阪","新千歳","JAL",786,912546,"58.68472222",157415,213764,"509","182758815","248180004",77.5,3228958,"856","319507","13706912","3748821","992","370949","17827674","29253318",64.5,1161,271.964376590331,746.848287921983,12771,25,8,1
"56","新千歳","大阪","JAL",784,910224,"62",159098,212764,"508","184,712,778","247,019,004",77.3,3276702,"868","1,337","13,853,461","3,804,252","1,007","1,552","17,660,272","29,580,258",63.15,1161,271.382653061225,758.408413838649,12771,8,25,1
"57","大阪","新千歳","ANA",424,492264,"762:59:00",102185,128177,"302","118,636,785","148,813,497",79.7,1555494,"1,858","157,664","8,897,759","1,805,928","2,158","183,048","10,888,893","28,700,981",37.9,1161,302.304245283019,424.115926818535,12771,25,8,2
"58","新千歳","大阪","ANA",424,492264,"810:53:00",99150,127475,"301","115,113,150","147,998,475",77.8,1611353,"1,922","15,021","8,633,486","1,870,782","2,230","17,440","10,523,938","28,482,624",36.9,1161,300.64858490566,423.890767432094,12771,8,25,2
"59","大阪","福岡","JAL",896,517888,"43.85763889",86430,129360,"201","49956540","74770080",69.2,790057,"504","115787","3746740","456654","292","66924","4270610","8098747",55.9,578,144.375,865.100217701374,6358,25,37,1
"60","福岡","大阪","JAL",897,518466,"39.61041667",79190,129821,"202","45771820","75036538",71.05,586098,"461","81752","3432888","338765","266","47253","3819172","8130362",56.95,578,144.727982162765,770.111756922964,6358,37,25,1
"61","大阪","福岡","ANA",2585,1494130,"3,296:16",286928,403613,"156","165,844,384","233,288,314",71.1,3808755,"2,864","730","12,438,330","2,201,459","1,657","423","14,641,869","36,347,628",40.3,578,156.136557059961,2584.63208843895,6358,25,37,2
"62","福岡","大阪","ANA",2581,1491818,"2,964:08",286273,403363,"156","165,465,794","233,143,814",71,3393236,"2,649","430,711","12,409,937","1,961,289","1,531","248,951","14,621,708","36,343,777",40.2,578,156.281673769857,2579.96602368405,6358,37,25,2
"63","大阪","福岡","JAC",710,410380,"902:42:00",37593,52540,"74","21,728,754","30,368,120",71.6,44395,"225","84","1,629,656","25,662","130","49","1,655,497","2,911,238",56.9,578,74,709.516080326136,6358,25,37,6
"64","福岡","大阪","JAC",703,406334,"778:29:00",38401,52022,"74","22,195,778","30,068,716",73.8,72601,"229","0","1,664,685","41,962","132","0","1,706,779","2,882,534",59.2,578,74,703.160477550722,6358,37,25,6
"65","大阪","那覇","JAL",428,558112,"909:11:00",140677,197867,"462","183,442,808","258,018,568",71.1,3882909,"1,055","1,962","13,758,211","5,063,314","1,378","2,558","18,825,461","31,250,361",60.2,1304,462.306074766355,427.980416770739,14344,25,46,1
"66","那覇","大阪","JAL",427,556808,"790:02:00",134550,197606,"463","175,453,200","257,678,224",68.1,3180893,"1,008","58,689","13,158,990","4,147,884","1,315","76,532","17,384,721","31,599,832",55,1304,462.777517564403,426.9375348026,14344,46,25,1
"67","大阪","那覇","ANA",426,555504,"919:01:00",156335,203749,"478","203,860,840","265,688,696",76.7,3739216,"3,696","5,128","15,289,563","4,875,937","4,820","6,686","20,177,006","58,627,343",34.4,1304,478.284037558685,426.162240688771,14344,25,46,2
"68","那覇","大阪","ANA",426,555504,"787:54:00",145413,203635,"478","189,618,552","265,540,040",71.4,2294962,"2,836","588","14,221,391","2,992,629","3,698","767","17,218,485","58,590,952",29.4,1304,478.016431924883,426.051596271381,14344,46,25,2
"69","関西","新千歳","JAL",1465,1917685,"2,659:57",236934,338939,"231","310,146,606","443,671,151",69.9,3588020,"1,421","239,004","23,260,995","4,696,718","1,861","312,855","28,272,429","54,223,232",52.1,1309,231.357679180887,1465.09670476743,14399,25,8,1
"70","新千歳","関西","JAL",1464,1916376,"3,185:43",230816,337526,"231","302,138,144","441,821,534",68.4,3289848,"1,383","39,420","22,660,361","4,306,413","1,811","51,603","27,020,188","54,089,188",50,1309,230.550546448087,1463.67162254219,14399,8,25,1
"71","関西","新千歳","ANA",1481,1938629,"2,704:54",231669,317568,"214","303,254,721","415,696,512",73,2967117,"4,071","26,918","22,744,105","3,883,957","5,328","35,235","26,668,625","70,027,220",38.1,1309,214.428089128967,1480.00570172351,14399,25,8,2
"72","新千歳","関西","ANA",1481,1938629,"3,216:52",235646,318734,"215","308,460,614","417,222,806",73.9,3095677,"3,823","101,755","23,134,546","4,052,240","5,006","133,198","27,324,990","70,394,728",38.8,1309,215.215395003376,1481.638652744,14399,8,25,2
"73","関西","福岡","JAL",1110,613830,"",43976,69065,"115","24318728","38192945",72,134696,"218","3767","1823903","74487","123","2083","1900596","3609122",59.55,553,62.2207207207207,981.630830859818,6083,25,37,1
"74","福岡","関西","JAL",1110,613830,"46.93194444",46002,69114,"115","25439106","38220042",74.9,11871,"225","15569","1907932","6565","124","8610","1923231","3610780",60.9,553,62.2648648648649,986.397234684299,6083,37,25,1
"75","関西","福岡","ANA",1327,733831,"1,664:37",62171,104101,"78","34,380,563","57,567,853",59.7,31716,"1,642","2,671","2,578,543","17,541","909","1,476","2,598,469","5,450,029",47.7,553,78.4483798040693,1327.4847579492,6083,25,37,2
"76","福岡","関西","ANA",1328,734384,"1,432:54",68597,104373,"79","37,934,141","57,718,269",65.7,4527,"1,430","13,860","2,845,061","2,505","792","7,665","2,856,023","5,477,249",52.1,553,78.5941265060241,1328.46360759658,6083,37,25,2
"77","関西","那覇","JAL",1473,1857453,"3,118:54",217810,330837,"225","274,658,410","417,185,457",65.8,4071928,"1,634","507,652","20,599,380","5,134,699","2,059","640,149","26,376,287","49,856,032",52.9,1261,224.600814663951,1473.80692976265,13871,25,46,1
"78","那覇","関西","JAL",1471,1854931,"2,698:34",226618,333495,"227","285,765,298","420,537,195",68,4313215,"1,700","247,207","21,432,399","5,438,965","2,143","311,726","27,185,233","50,120,085",54.2,1261,226.713120326309,1469.97123159973,13871,46,25,1
"79","関西","那覇","ANA",1565,1973465,"3,321:23",227843,381746,"244","287,310,023","481,381,706",59.7,8111928,"4,020","394,352","21,548,252","10,229,141","5,070","497,278","32,279,741","92,750,596",34.8,1261,243.927156549521,1564.59236258376,13871,25,46,2
"80","那覇","関西","ANA",1552,1957072,"2,855:43",240932,381682,"246","303,815,252","481,301,002",63.1,6009362,"3,375","308,331","22,786,145","7,577,806","4,257","388,805","30,757,013","91,836,108",33.5,1261,245.92912371134,1552.58420707521,13871,46,25,2
"81","関西","那覇","JTA",90,113490,"201:01:00",7444,13405,"149","9,386,884","16,903,705",55.5,46294,"0","2,467","704,017","58,376","0","3,111","765,504","1,546,868",49.5,1261,148.944444444444,90.0511104166457,13871,25,46,9
"82","那覇","関西","JTA",90,113490,"160:13:00",7033,13470,"150","8,868,613","16,985,670",52.2,5853,"0","30,176","665,146","7,380","0","38,053","710,579","1,546,868",45.9,1261,149.666666666667,90.0212477280291,13871,46,25,9
"83","福岡","新千歳","JAL",729,1176606,"1,595:57",120647,168230,"231","194,724,258","271,523,220",71.7,2429707,"723","310,569","14,604,319","3,921,548","1,167","501,257","19,028,291","31,765,296",59.9,1614,230.76817558299,729.15768086976,17754,37,8,1
"84","新千歳","福岡","JAL",728,1174992,"1,812:12",119560,168118,"231","192,969,840","271,342,452",71.1,1210550,"718","34,315","14,472,740","1,953,828","1,157","55,384","16,483,109","31,636,500",52.1,1614,230.931318681319,728.171153109273,17754,8,37,1
"85","福岡","新千歳","ANA",372,600408,"806:15:00",104315,149517,"402","168,364,410","241,320,438",69.8,1780381,"2,122","85,978","12,627,331","2,873,535","3,425","138,771","15,643,062","51,590,249",30.3,1614,401.927419354839,371.829382301555,17754,37,8,2
"86","新千歳","福岡","ANA",371,598794,"905:29:00",102915,148936,"401","166,104,810","240,382,704",69.1,1991069,"1,895","202,102","12,457,861","3,213,585","3,059","326,193","16,000,698","51,516,812",31.1,1614,401.44474393531,371.000807503094,17754,8,37,2
"87","福岡","那覇","JAL",1833,1847664,"3,116:07",199883,352312,"192","201,482,064","355,130,496",56.7,6055652,"1,499","156,093","15,111,155","6,104,097","1,511","157,340","21,374,103","42,251,228",50.6,1008,192.205128205128,1834.12034919506,11088,37,46,1
"88","那覇","福岡","JAL",1828,1842624,"2,940:38",210209,351244,"192","211,890,672","354,053,952",59.8,2768300,"1,578","16,839","15,891,801","2,790,448","1,590","16,974","18,700,813","42,105,168",44.4,1008,192.146608315098,1829.43675130179,11088,46,37,1
"89","福岡","那覇","ANA",2907,2930256,"4,790:39",373204,608891,"209","376,189,632","613,762,128",61.3,9726717,"4,775","348,092","28,214,223","9,804,531","4,814","350,876","38,374,444","100,214,960",38.3,1008,209.456828345373,2906.64031101091,11088,37,46,2
"90","那覇","福岡","ANA",2909,2932272,"4,634:04",371051,604203,"208","374,019,408","609,036,624",61.4,6096325,"4,119","167,036","28,051,456","6,145,094","4,151","168,371","34,369,072","99,570,840",34.5,1008,207.701271914747,2909.55170377866,11088,46,37,2
"91","福岡","那覇","JTA",365,367920,"586:21:00",35297,53110,"146","35,579,376","53,534,880",66.5,406423,"0","1,758","2,668,453","409,674","0","1,773","3,079,900","5,673,148",54.3,1008,145.506849315069,364.781422583006,11088,37,46,9
"92","那覇","福岡","JTA",367,369936,"587:50:00",27577,53330,"145","27,797,616","53,756,640",51.7,349993,"0","336","2,084,821","352,794","0","339","2,437,954","5,704,233",42.7,1008,145.313351498638,367.071745175563,11088,46,37,9
"93","福岡","那覇","SKY",594,598752,"1,002:17",46870,105138,"177","47,244,960","105,979,104",44.6,0,"2,765","0","3,543,372","0","2,786","0","3,546,158","11,155,717",31.8,1008,177,593.727040105394,5544,37,46,4
"94","那覇","福岡","SKY",591,595728,"962:21:00",46854,104607,"177","47,228,832","105,443,856",44.8,0,"1,541","0","3,542,162","0","1,554","0","3,543,716","11,099,376",31.9,1008,177,590.874697336562,5544,46,37,4
"95","東京","函館","JAL",1087,854382,"1,476:02",239803,374231,"344","188,485,158","294,145,566",64.1,2983227,"1,800","304,918","14,136,387","2,344,817","1,413","239,666","16,722,283","35,728,494",46.8,786,344.278748850046,1086.64169820345,8646,18,3,1
"96","函館","東京","JAL",1086,853596,"1,537:38",223082,373272,"344","175,342,452","293,391,792",59.8,6012709,"1,672","113,441","13,150,683","4,725,989","1,315","89,165","17,967,152","35,062,046",51.2,786,343.71270718232,1085.34486781309,8646,3,18,1
"97","東京","函館","ANA",731,574566,"977:33:00",176356,251067,"343","138,615,816","197,338,662",70.2,2215890,"2,960","427,791","10,396,186","1,741,691","2,327","336,243","12,476,447","37,764,713",33,786,343.456908344733,731.443645813117,8646,18,3,2
"98","函館","東京","ANA",727,571422,"1,059:45",153967,250015,"344","121,018,062","196,511,790",61.6,2745855,"3,944","2,330","9,076,356","2,158,242","3,099","1,831","11,239,528","37,647,579",29.9,786,343.899587345254,726.800606249339,8646,3,18,2
"99","東京","函館","ADO",726,570636,"947:54:00",115342,164764,"227","90,658,812","129,504,504",70,380212,"3,369","0","6,799,413","298,847","2,647","0","7,100,907","18,266,202",38.9,786,226.947658402204,726.045321967004,7074,18,3,7
"100","函館","東京","ADO",722,567492,"1,034:35",131071,163940,"227","103,021,806","128,856,840",80,990934,"3,360","0","7,726,634","778,874","2,640","0","8,508,148","18,176,734",46.8,786,227.063711911357,721.554089910943,7074,3,18,7
"101","東京","南紀白浜","JAL",932,590888,"1,157:32",66373,146976,"158","42,080,482","93,182,784",45.2,4308,"498","0","3,156,036","2,732","315","0","3,159,083","9,546,011",33.1,634,157.699570815451,931.15611916171,6974,18,25,1
"102","南紀白浜","東京","JAL",928,588352,"1,013:01",67727,146024,"157","42,938,918","92,579,216",46.4,38551,"507","0","3,220,419","24,442","320","0","3,245,181","9,491,867",34.2,634,157.353448275862,927.61463868953,6974,25,18,1
"103","東京","神戸","JAL",727,505265,"905:20:00",120191,166922,"230","83,532,745","116,010,790",72,68371,"900","572","6,264,957","47,517","625","398","6,313,497","14,003,694",45.1,695,229.603851444292,727.043311313734,7645,18,25,1
"104","神戸","東京","JAL",726,504570,"844:01:00",111429,166757,"230","77,443,155","115,896,115",66.8,738085,"834","0","5,808,237","512,968","579","0","6,321,784","14,047,340",45,695,229.692837465565,726.230221543277,7645,25,18,1
"105","東京","神戸","ANA",816,567120,"978:32:00",114621,203727,"250","79,661,595","141,590,265",56.3,1083446,"1,025","0","5,974,621","752,994","714","0","6,728,329","24,823,513",27.1,695,249.665441176471,815.450056230563,7645,18,25,2
"106","神戸","東京","ANA",818,568510,"1,010:55",122651,204997,"251","85,242,445","142,472,915",59.8,423571,"1,315","169,039","6,393,185","294,380","915","117,480","6,805,960","25,024,001",27.2,695,250.607579462103,818.419008432182,7645,25,18,2
"107","東京","神戸","SKY",1895,1317025,"2,394:47",258947,335415,"177","179,968,165","233,113,425",77.2,0,"1,835","0","13,497,612","0","1,275","0","13,498,887","24,538,310",55,695,177,1895.04844705951,3822.5,18,25,4
"108","神戸","東京","SKY",1897,1318415,"2,292:47",276054,335769,"177","191,857,530","233,359,455",82.2,0,"2,650","0","14,389,315","0","1,842","0","14,391,157","24,564,206",58.6,695,177,1897.35659202441,3822.5,25,18,4
"109","東京","北九州","JAL",1455,1393890,"2,462:37",128677,238812,"164","123,272,566","228,781,896",53.9,173664,"965","211","9,245,443","166,370","926","202","9,412,941","25,306,720",37.2,958,164.131958762887,1454.51769654968,10538,18,37,1
"110","北九州","東京","JAL",1454,1392932,"2,145:02",123165,238662,"164","117,992,070","228,638,196",51.6,556935,"925","0","8,849,404","533,543","886","0","9,383,833","25,291,584",37.1,958,164.141678129298,1454.18191884874,10538,37,18,1
"111","東京","北九州","SFJ",3778,3619324,"6,292:22",382047,544032,"144","366,001,026","521,182,656",70.2,2675027,"7,673","0","27,450,078","2,562,677","7,351","0","30,020,106","55,980,083",53.6,958,144,3779.35066476733,8622,18,37,3
"112","北九州","東京","SFJ",3777,3618366,"5,583:42",372587,543888,"144","356,938,346","521,044,704",68.5,2581300,"7,107","0","26,770,378","2,472,885","6,809","0","29,250,072","55,965,267",52.3,958,144,3777.2404703974,8622,37,18,3
"113","東京","佐賀","ANA",1808,2043040,"3,483:47",127199,242443,"134","143,734,870","273,960,590",52.5,7849471,"3,456","614,117","10,780,117","8,869,903","3,906","693,951","20,347,877","63,088,564",32.3,1130,134.094579646018,1806.81284928436,12430,18,37,2
"114","佐賀","東京","ANA",1468,1658840,"2,334:11",128686,242116,"165","145,415,180","273,591,080",53.2,867664,"3,436","0","10,906,140","980,460","3,886","0","11,890,486","36,520,804",32.6,1130,164.929155313351,1466.63564112747,12430,37,18,2
"115","成田","仙台","ANA",364,158340,"351:21:00",13572,26935,"74","5,903,820","11,716,725",50.4,0,"566","0","442,787","0","246","0","443,033","1,064,993",41.6,435,73.9972527472527,363.91312418786,4785,18,12,2
"116","仙台","成田","ANA",364,158340,"347:58:00",13257,26860,"74","5,766,795","11,684,100",49.4,0,"427","0","432,509","0","186","0","432,695","1,064,993",40.6,435,73.7912087912088,363.675196927539,4785,12,18,2
"117","成田","仙台","IBX",359,156165,"325:40:00",7551,17950,"50","3,284,685","7,808,250",42.1,0,"0","0","246,352","0","0","0","246,352","675,662",36.5,435,50,358.717339667458,4785,18,12,5
"118","仙台","成田","IBX",357,155295,"341:01:00",9114,17850,"50","3,964,590","7,764,750",51.1,0,"0","0","297,346","0","0","0","297,346","671,898",44.3,435,50,356.712328767123,4785,12,18,5
"119","大阪","仙台","ANA",2178,1748934,"2,676:41",285683,451336,"207","229,403,449","362,422,808",63.3,2945464,"2,549","314,590","17,205,259","2,365,207","2,048","252,613","19,825,127","59,551,512",33.3,803,207.224977043159,2177.90327307985,8833,25,12,2
"120","仙台","大阪","ANA",2174,1745722,"3,038:50",288522,450729,"207","231,683,166","361,935,387",64,3038022,"2,538","294","17,376,237","2,439,531","2,038","236","19,818,042","59,474,070",33.3,803,207.327046918123,2174.41781813462,8833,12,25,2
"121","大阪","仙台","JEX",2175,1746525,"2,673:53",200544,340088,"156","161,036,832","273,090,664",59,435226,"1,545","255,929","12,077,763","349,486","1,241","205,511","12,634,001","28,321,086",44.6,803,156.362298850575,2173.83018313505,8833,25,12,11
"122","仙台","大阪","JEX",2174,1745722,"2,979:04",201894,330542,"152","162,120,882","265,425,226",61.1,230114,"1,555","34,710","12,159,066","184,782","1,247","27,873","12,372,968","28,339,797",43.7,803,152.043238270469,2173.27703828521,8833,12,25,11
"123","大阪","仙台","IBX",422,338866,"478:58:00",8995,21100,"50","7,222,985","16,943,300",42.6,0,"0","0","541,724","0","0","0","541,724","1,466,140",36.9,803,50,422.300469483568,8833,25,12,5
"124","仙台","大阪","IBX",421,338063,"569:46:00",9156,21050,"50","7,352,268","16,903,150",43.5,0,"0","0","551,420","0","0","0","551,420","1,462,666",37.7,803,50,420.965517241379,8833,12,25,5
"125","大阪","佐賀","ANA",721,475860,"963:18:00",20996,53354,"74","13,857,360","35,213,640",39.4,2287,"679","0","1,039,306","1,508","448","0","1,041,262","3,200,636",32.5,660,74,720.126217588147,7260,25,37,2
"126","佐賀","大阪","ANA",717,473220,"832:23:00",23402,53058,"74","15,445,320","35,018,280",44.1,25679,"699","0","1,158,403","16,948","462","0","1,175,813","3,182,880",36.9,660,74,717.104859962003,7260,37,25,2
"127","関西","函館","ANA",364,435708,"583:57:00",38638,44900,"123","46,249,686","53,745,300",86.1,33968,"1,156","4,437","3,468,726","40,660","1,386","5,312","3,516,084","6,208,283",56.6,1197,123.351648351648,363.803212196933,13167,25,3,2
"128","函館","関西","ANA",363,434511,"730:53:00",36851,44774,"123","44,110,647","53,594,478",82.3,55076,"1,144","12,789","3,308,298","65,926","1,369","15,307","3,390,900","6,191,710",54.8,1197,123.34435261708,363.019682324097,13167,3,25,2
"129","関西","佐賀","ANA",0,0,"0:00",0,0,"#DIV/0!","0","0",0,0,"0","0","0","0","0","0","0","0",0,NA,NA,NA,NA,25,37,2
"130","佐賀","関西","ANA",281,175344,"297:17:00",0,0,"0","0","0",0,2337075,"0","51,703","0","1,458,336","0","32,263","1,490,599","12,153,298",12.3,624,0,NA,6864,37,25,2
"131","新千歳","函館","ANA",0,0,"0:00",0,0,"#DIV/0!","0","0",0,0,"0","0","0","0","0","0","0","0",0,NA,NA,NA,NA,8,3,2
"132","函館","新千歳","ANA",1,160,"0:50",31,56,"56","4,960","8,960",55.4,0,"0","0","372","0","0","0","372","762",48.8,160,56,0.999226405363589,1760,3,8,2
"133","新千歳","函館","HAC",74,11840,"46:29:00",531,2664,"36","84,960","426,240",19.9,23,"0","0","6,372","4","0","0","6,376","47,336",13.5,160,36,74.1206030150754,1760,8,3,10
"134","函館","新千歳","HAC",66,10560,"40:17:00",557,2376,"36","89,120","380,160",23.4,65,"0","0","6,684","10","0","0","6,694","42,219",15.9,160,36,66.1206077872745,1760,3,8,10
"135","丘珠","函館","ANA",1508,387556,"1,044:33",42740,84427,"56","10,984,180","21,697,739",50.6,0,"602","2,121","823,814","0","154","545","824,513","1,908,096",43.2,257,55.986074270557,1508.70380291115,2827,8,3,2
"136","函館","丘珠","ANA",1506,387042,"1,011:47",44683,84306,"56","11,483,531","21,666,642",53,0,"568","2,690","861,266","0","147","692","862,105","1,905,575",45.2,257,55.9800796812749,1506.02763786369,2827,3,8,2
"137","丘珠","函館","HAC",777,199689,"503:02:00",16219,27972,"36","4,168,283","7,188,804",58,24301,"0","0","312,621","6,246","0","0","318,867","798,357",39.9,257,36,776.772030651341,2827,8,3,10
"138","函館","丘珠","HAC",787,202259,"485:30:00",15301,28332,"36","3,932,357","7,281,324",54,2098,"0","0","294,928","539","0","0","295,467","808,631",36.5,257,36,787.088477366255,2827,3,8,10
"139","仙台","新千歳","JAL",1433,951512,"1,665:49",117426,220827,"154","77,970,864","146,629,128",53.2,333298,"705","71","5,847,815","221,310","468","48","6,069,641","15,015,497",40.4,664,154.101186322401,1432.34175659094,7304,12,8,1
"140","新千歳","仙台","JAL",1433,951512,"1,592:11",116309,220951,"154","77,229,176","146,711,464",52.6,376647,"697","41,819","5,792,187","250,093","463","27,767","6,070,510","15,024,261",40.4,664,154.187718073971,1434.09458694393,7304,8,12,1
"141","仙台","新千歳","ANA",1081,717784,"1,277:17",103819,186115,"172","68,935,816","123,580,360",55.8,929694,"1,328","34,247","5,170,186","617,316","881","22,740","5,811,123","16,879,492",34.4,664,172.169287696577,1080.65473258768,7304,12,8,2
"142","新千歳","仙台","ANA",1081,717784,"1,217:11",105860,186108,"172","70,291,040","123,575,712",56.9,772422,"1,748","97,848","5,271,829","512,888","1,161","64,973","5,850,851","16,879,493",34.7,664,172.162812210916,1080.63809954747,7304,8,12,2
"143","仙台","新千歳","ADO",1351,897064,"1,623:26",109844,170226,"126","72,936,416","113,030,064",64.5,242011,"557","0","5,470,232","160,695","370","0","5,631,297","13,021,064",43.2,664,126,1351.59345391904,5976,12,8,7
"144","新千歳","仙台","ADO",1351,897064,"1,537:04",110938,170226,"126","73,662,832","113,030,064",65.2,90661,"823","0","5,524,713","60,198","546","0","5,585,457","13,021,065",42.9,664,126,1350.39925990846,5976,8,12,7
"145","仙台","那覇","ANA",363,729630,"1,119:30",64208,98006,"270","129,058,080","196,992,060",65.5,807690,"1,139","0","9,679,359","1,623,456","2,290","0","11,305,105","35,805,862",31.6,2010,269.988980716253,363.079562195366,22110,12,46,2
"146","那覇","仙台","ANA",364,731640,"927:22:00",65648,98276,"270","131,952,480","197,534,760",66.8,382456,"1,276","0","9,896,436","768,736","2,563","0","10,667,735","35,904,501",29.7,2010,269.989010989011,363.997959553237,22110,46,12,2
"147","神戸","新千歳","JAL",1085,1357335,"1,943:14",176178,253664,"234","220,398,678","317,333,664",69.5,2219539,"1,057","195,228","16,529,902","2,776,643","1,325","244,229","19,552,099","36,262,362",53.9,1251,233.791705069124,1084.27082605393,13761,25,8,1
"148","新千歳","神戸","JAL",1084,1356084,"2,089:07",174514,253403,"234","218,317,014","317,007,153",68.9,2396450,"1,046","333,536","16,373,778","2,997,960","1,308","417,255","19,790,301","35,004,233",56.5,1251,233.766605166052,1083.4991655272,13761,8,25,1
"149","神戸","新千歳","ANA",1089,1362339,"1,963:52",133550,198574,"182","167,071,050","248,416,074",67.3,698746,"3,636","349,018","12,530,329","874,132","4,550","436,621","13,845,632","35,689,199",38.8,1251,182.345270890725,1088.26415253087,13761,25,8,2
"150","新千歳","神戸","ANA",1081,1352331,"2,093:45",141715,197739,"183","177,285,465","247,371,489",71.7,1062836,"2,943","193,993","13,296,409","1,329,607","3,682","242,684","14,872,382","35,626,436",41.7,1251,182.922294172063,1080.51307337681,13761,8,25,2
"151","神戸","仙台","ANA",89,78409,"109:53:00",4914,14774,"166","4,329,234","13,015,894",33.3,8634,"48","0","324,692","7,607","42","0","332,341","1,715,981",19.4,881,166,88.8961250407034,9691,25,12,2
"152","仙台","神戸","ANA",89,78409,"133:40:00",3828,14774,"166","3,372,468","13,015,894",25.9,14,"74","0","252,935","12","66","0","253,013","1,715,981",14.7,881,166,89.0356793971252,9691,12,25,2
"153","神戸","福岡","SKY",0,0,"0:00",0,0,"#DIV/0!","0","0",0,0,"0","0","0","0","0","0","0","0",0,NA,NA,NA,NA,25,37,4
"154","福岡","神戸","SKY",0,0,"0:00",0,0,"#DIV/0!","0","0",0,0,"0","0","0","0","0","0","0","0",0,NA,NA,NA,NA,37,25,4
"155","神戸","福岡","AMX",0,0,"0:00",0,0,"#DIV/0!","0","0",0,0,"0","0","0","0","0","0","0","0",0,NA,NA,NA,NA,25,37,8
"156","福岡","神戸","AMX",1,594,"1:11",15,39,"39","8,910","23,166",38.5,0,"0","0","668","0","0","0","668","2,062",32.4,594,39,0.999000999000999,6534,37,25,8
"157","神戸","那覇","ANA",1024,1339392,"2,155:47",157229,249278,"243","205,655,532","326,055,624",63.1,1755528,"3,496","84,056","15,424,165","2,296,231","4,572","109,945","17,834,913","56,884,670",31.4,1308,243.435546875,1023.57412327245,14388,25,46,2
"158","那覇","神戸","ANA",1025,1340700,"1,859:51",152136,249338,"243","198,993,888","326,134,104",61,1264284,"3,008","0","14,924,542","1,653,684","3,936","0","16,582,162","56,877,731",29.2,1308,243.256585365854,1025.26835322228,14388,46,25,2
"159","神戸","那覇","JTA",743,971844,"1,535:47",93285,151798,"204","122,016,780","198,551,784",61.5,2334934,"0","201,540","9,151,260","3,054,094","0","263,613","12,468,967","22,892,016",54.5,1308,204.304172274563,742.436755649919,14388,25,46,9
"160","那覇","神戸","JTA",741,969228,"1,372:56",91141,151317,"204","119,212,428","197,922,636",60.2,1917473,"0","29","8,940,933","2,508,054","0","38","11,449,025","22,834,057",50.1,1308,204.206477732794,741.39180915153,14388,46,25,9
"161","神戸","那覇","SKY",14,18312,"31:44:00",1813,2478,"177","2,371,404","3,241,224",73.2,0,"33","0","177,855","0","43","0","177,898","341,183",52.1,1308,177,13.9930844987805,7194,25,46,4
"162","那覇","神戸","SKY",14,18312,"24:33:00",1487,2478,"177","1,944,996","3,241,224",60,0,"52","0","145,875","0","68","0","145,943","341,183",42.8,1308,177,14.0018832391714,7194,46,25,4
"163","福岡","仙台","JAL",947,1189432,"1,621:10",82099,138372,"146","103,116,344","173,795,232",59.3,562697,"631","83,448","7,733,727","706,747","794","104,811","8,546,079","18,474,630",46.3,1256,146.116156282999,947.512470843193,13816,37,12,1
"164","仙台","福岡","JAL",946,1188176,"1,937:52",82514,138356,"146","103,637,584","173,775,136",59.6,360254,"634","75,818","7,772,819","452,479","795","95,227","8,321,320","18,458,931",45.1,1256,146.253699788584,946.617479933586,13816,12,37,1
"165","福岡","仙台","ANA",485,609160,"854:26:00",31137,60827,"125","39,108,072","76,398,712",51.2,136411,"427","22,306","2,933,106","171,331","539","28,017","3,132,993","8,575,384",36.5,1256,125.416494845361,484.899958334703,13816,37,12,2
"166","仙台","福岡","ANA",484,607904,"985:34:00",29322,60697,"125","36,828,432","76,235,432",48.3,142315,"596","237","2,762,133","178,746","749","298","2,941,926","8,557,994",34.4,1256,125.407024793388,484.088308722576,13816,12,37,2
"167","福岡","仙台","IBX",60,75360,"99:46:00",2351,4200,"70","2,952,856","5,275,200",56,0,"0","0","221,464","0","0","0","221,464","545,078",40.6,1256,70,59.9744897959184,13816,37,12,5
"168","仙台","福岡","IBX",60,75360,"127:19:00",2898,4200,"70","3,639,888","5,275,200",69,0,"0","0","272,991","0","0","0","272,991","545,078",50.1,1256,70,60,13816,12,37,5
"169","北九州","那覇","JTA",367,393424,"654:39:00",31579,54985,"150","33,852,688","58,943,920",57.4,415922,"0","0","2,538,951","445,869","0","0","2,984,820","6,195,645",48.2,1072,149.822888283379,367.204771399485,11792,37,46,9
"170","那覇","北九州","JTA",367,393424,"586:29:00",32215,54985,"150","34,534,480","58,943,920",58.6,532,"0","0","2,590,086","571","0","0","2,590,657","6,195,645",41.8,1072,149.822888283379,366.92926801942,11792,46,37,9
