"","空港i","空港j","航空会社","旅客数","所要時間","費用","航空便数","滞在可能時間","アクセシビリティ","エアライン参入数","鉄道ダミー","一便あたり座席数","一便あたり貨物","OD","DIS","Seat","Freq","MC","LF","observedprob","i","j","出発空港/駅","到着空港/駅","航空・鉄道会社","運賃（実績）","運賃（ベース）","運賃（反実仮想）","航空便数（実績）","航空便数（ベース）","航空便数（反実仮想）","シェア（実績）","シェア（ベース）","シェア（反実仮想）","需要（実績）","需要（ベース）","需要（反実仮想）"
"1","函館","丘珠","ANA",44683,40,16800,5,455,14.339423,2,0,55.9800796812749,0,673984,257,55.9800796812749,1506,2827,53,0.0662968260374134,3,8,"函館","丘珠","ANA",8400,7028.36439743779,7215.58133848502,1506,2057.67180792361,2423.645895317,0.0662968260374134,0.090580747963902,0.10669128922896,44683,61049.9748357025,71908.2218796914
"2","函館","丘珠","HAC",15301,40,16800,3,390,14.339423,2,0,36,2.66581956797967,673984,257,36,787,2827,54,0.0227023193428924,3,8,"函館","丘珠","HAC",8400,6542.11157545519,6574.94779309997,787,1245.93842447401,1537.7498010572,0.0227023193428924,0.0359371186434319,0.0443539551866986,15301,24221.0429717748,29893.8561325519
"3","函館","札幌","JR",614000,197,8590,1,952,3.90708125,0,1,0,0,673984,NA,NA,NA,NA,NA,0.911000854619694,3,8,"新函館北斗","札幌","JR",8590,8590,7760,1,1,1,0.911000854619694,0.873482133392666,0.848954755584341,614000,588712.982192523,572181.921987757
"4","函館","東京","JAL",223082,80,31400,3,375,24.936932,3,0,343.71270718232,5536.56445672192,585120,786,343.71270718232,1086,8646,59.8,0.381258545255674,3,18,"函館","東京","JAL",15700,14263.4239264425,15037.5281765314,1086,1133.33161656412,1078.52614557196,0.381258545255674,0.398115268462217,0.378863273301799,223082,232945.205882613,221680.478474348
"5","函館","東京","ANA",153967,80,31400,2,175,24.936932,3,0,343.899587345254,3776.96698762036,585120,786,343.899587345254,727,8646,61.6,0.263137476073284,3,18,"函館","東京","ANA",15700,13881.1846723075,14454.7850401891,727,852.056892077412,861.59267926709,0.263137476073284,0.308486396577356,0.311938819362765,153967,180501.560365343,182521.641985541
"6","函館","東京","ADO",131071,80,24200,2,280,24.936932,3,0,227.063711911357,1372.48476454294,585120,786,227.063711911357,722,7074,80,0.224007041290675,3,18,"函館","東京","ADO",12100,10936.4577411958,10990.0524022677,722,233.281205832217,276.106722091045,0.224007041290675,0.0724223359521745,0.0857175515472657,131071,42375.7572123363,50155.0537613361
"7","函館","東京","JR",77000,401,18850,1,580,4.96767775,0,1,0,0,585120,NA,NA,NA,NA,NA,0.131596937380366,3,18,"新函館北斗","東京","JR",18850,18850,18280,1,1,1,0.131596937380366,0.220975999008252,0.223480355788171,77000,129297.476539709,130762.825778775
"8","函館","関西","ANA",36851,100,38900,1,0,43.577409,1,0,123.34435261708,151.724517906336,49851,1197,123.34435261708,363,13167,82.3,0.739222884194901,3,25,"函館","関西","ANA",19450,18258.2692530453,70699.9292393917,363,110.303583522795,1,0.739222884194901,0.224612981386386,2.68760184273897e-08,36851,11197.1817350927,0.00133979639462381
"9","函館","新大阪","JR",13000,551,28480,1,0,3.27089475,0,1,0,0,49851,NA,NA,NA,NA,NA,0.260777115805099,3,25,"新函館北斗","新大阪","JR",28480,28480,32730,1,1,1,0.260777115805099,0.775387018613614,0.999999973123982,13000,38653.8182649073,49850.9986602036
"10","丘珠","函館","ANA",42740,40,16800,5,600,14.339423,2,0,55.986074270557,0,672959,257,55.986074270557,1508,2827,50.6,0.0635105556207733,8,3,"丘珠","函館","ANA",8400,6971.97195863983,7043.67859508886,1508,2094.33398524918,2544.49264950029,0.0635105556207733,0.0881633060127424,0.107113232982455,42740,59330.2902510291,72082.8141546397
"11","丘珠","函館","HAC",16219,40,16800,3,520,14.339423,2,0,36,31.2754182754183,672959,257,36,777,2827,58,0.0241010224991418,8,3,"丘珠","函館","HAC",8400,6550.1407040816,6584.85611390387,777,1225.08096697283,1505.16182599001,0.0241010224991418,0.0380107712214156,0.0467008821141724,16219,25579.6905903926,31427.7789266713
"12","札幌","函館","JR",614000,197,8590,1,952,3.90708125,0,1,0,0,672959,NA,NA,NA,NA,NA,0.912388421880085,8,3,"札幌","新函館北斗","JR",8590,8590,7760,1,1,1,0.912388421880085,0.873825922765842,0.846185884903373,614000,588049.019158578,569448.406918689
"13","新千歳","仙台","JAL",116309,65,28400,4,655,56.355039,3,0,154.187718073971,262.838101884159,344107,664,154.187718073971,1433,7304,52.6,0.338002423664732,8,12,"新千歳","仙台","JAL",14200,13063.8331200866,12388.8577253346,1433,1238.64631131651,1511.7827514469,0.338002423664732,0.291937128206125,0.356312783477209,116309,100457.609375625,122609.722983992
"14","新千歳","仙台","ANA",105860,65,28400,3,340,56.355039,3,0,172.162812210916,714.54394079556,344107,664,172.162812210916,1081,7304,56.9,0.307636868764658,8,12,"新千歳","仙台","ANA",14200,12550.1400046185,13083.5458729201,1081,1090.29371907782,923.044809230533,0.307636868764658,0.31038563781097,0.26277309208334,105860,106805.870670219,90422.0603975219
"15","新千歳","仙台","ADO",110938,65,27400,4,560,56.355039,3,0,126,67.1065877128053,344107,664,126,1351,5976,65.2,0.32239390654651,8,12,"新千歳","仙台","ADO",13700,11403.1794724519,11396.0252760067,1351,1424.43267910768,1420.32343799948,0.32239390654651,0.340068622417023,0.339087583450884,110938,117019.993454054,116682.411078533
"16","札幌","仙台","JR",11000,497,17930,1,636,2.057914,0,1,0,0,344107,NA,NA,NA,NA,NA,0.0319668010241001,8,12,"札幌","仙台","JR",17930,17930,16800,1,1,1,0.0319668010241001,0.0576086115658825,0.0418265409885666,11000,19823.5265001011,14392.8055399527
"17","新千歳","東京","JAL",1809380,90,33500,18,665,58.783124,4,0,444.517204790056,6840.53615279673,4893273,894,444.517204790056,6597,9834,61.7,0.369768864316379,8,18,"新千歳","東京","JAL",16750,15538.045473612,15938.5763687447,6597,6630.47965137342,6953.84490979153,0.369768864316379,0.371637251264194,0.389761818733147,1809380,1818522.52740529,1907210.9840378
"18","新千歳","東京","ANA",1750844,90,33500,16,680,58.783124,4,0,460.494653725942,6806.86691890114,4893273,894,460.494653725942,6079,9834,62.5,0.357806319001617,8,18,"新千歳","東京","ANA",16750,15502.9015650152,15856.7374803373,6079,6179.84243289944,6573.49482969631,0.357806319001617,0.363481712702688,0.386635288048801,1750844,1778615.25076182,1891912.01585642
"19","新千歳","東京","SKY",396256,90,21700,9,585,58.783124,4,0,177,0,4893273,894,177,2894,4917,77.4,0.0809797450499901,8,18,"新千歳","東京","SKY",10850,8567.4723028375,8579.55643435684,2894,673.778799899604,794.813984445289,0.0809797450499901,0.0188639276877963,0.0222525753705211,396256,92306.348028646,108887.926241036
"20","新千歳","東京","ADO",598819,90,25900,10,680,58.783124,4,0,243.381416690565,1077.45196443935,4893273,894,243.381416690565,3487,8046,70.6,0.122375963899827,8,18,"新千歳","東京","ADO",12950,11771.9600974658,11797.7011598237,3487,1097.32593523561,1289.10519852867,0.122375963899827,0.0385325999441259,0.0452669287271818,598819,188550.530926393,221503.440133643
"21","新千歳","成田","JAL",65119,105,33500,2,525,104.604254,3,0,179.305642633229,32.2100313479624,4893273,892,179.305642633229,638,9812,56.9,0.0133078616296291,8,18,"新千歳","成田","JAL",16750,15511.4400868099,15774.044602695,638,646.699574711498,707.156370360125,0.0133078616296291,0.0134837084161676,0.0147442346886112,65119,65979.4663327059,72147.5655074446
"22","新千歳","成田","ANA",25842,105,33500,1,575,104.604254,3,0,165.494475138122,1.93646408839779,4893273,892,165.494475138122,362,9812,43.1,0.00528112778502242,8,18,"新千歳","成田","ANA",16750,15808.7537175145,16779.5615568666,362,335.50128997076,296.074766192251,0.00528112778502242,0.00489052539341207,0.00431581399444973,25842,23930.6758633976,21118.456092063
"23","新千歳","成田","IBX",14013,105,33500,1,0,104.604254,3,0,50,0,4893273,892,50,357,9812,78.5,0.00286372740699323,8,18,"新千歳","成田","IBX",16750,13413.7119636092,13417.2308358207,357,682.593603799511,807.30273711175,0.00286372740699323,0.00547523078093758,0.00647554968456413,14013,26791.7989491308,31686.6324316362
"24","札幌","東京","JR",233000,598,22780,1,452,7.452543,0,1,0,0,4893273,NA,NA,NA,NA,NA,0.0476163909105419,8,18,"札幌","東京","JR",22780,22780,21000,1,1,1,0.0476163909105419,0.183635043810679,0.130547790752724,233000,898576.401732613,638805.979699953
"25","新千歳","大阪","JAL",159098,110,41400,2,485,54.177172,2,0,271.382653061225,4179.46683673469,1114939,1161,271.382653061225,784,12771,77.3,0.142696595957268,8,25,"新千歳","大阪","JAL",20700,17966.5845065922,17103.8217072551,784,473.21129862504,340.668786572556,0.142696595957268,0.0890359867456289,0.0640977543310047,159098,99269.6940261847,71465.0861160561
"26","新千歳","大阪","ANA",99150,110,41400,1,0,54.177172,2,0,300.64858490566,3800.3608490566,1114939,1161,300.64858490566,424,12771,77.8,0.0889286319700002,8,25,"新千歳","大阪","ANA",20700,17621.3117866076,17453.6169836188,424,294.444427847537,171.751984578342,0.0889286319700002,0.0617719048666602,0.0360320870379215,99150,68871.9058401292,40173.5790899731
"27","新千歳","関西","JAL",230816,110,41300,4,525,77.423601,2,0,230.550546448087,2247.16393442623,1114939,1309,230.550546448087,1464,14399,68.4,0.207021191293873,8,25,"新千歳","関西","JAL",20650,19257.5774553668,18766.4457216352,1464,601.079397896667,386.679985676537,0.207021191293873,0.0850164552610809,0.0546918790057686,230816,94788.1616123343,60978.1088868126
"28","新千歳","関西","ANA",235646,110,41300,4,270,77.423601,2,0,215.215395003376,2090.26130992573,1114939,1309,215.215395003376,1481,14399,73.9,0.211353266860339,8,25,"新千歳","関西","ANA",20650,19161.9946563564,18823.6996744603,1481,626.354940320277,384.722247332275,0.211353266860339,0.0893484808901488,0.054879982819655,235646,99618.1059351816,61187.8331649634
"29","新千歳","神戸","JAL",174514,115,41400,3,125,68.293435,2,0,233.766605166052,2210.74723247232,1114939,1251,233.766605166052,1084,13761,68.9,0.156523361367752,8,25,"新千歳","神戸","JAL",20700,18608.7508665414,18223.0626758735,1084,558.154442454217,347.78579813292,0.156523361367752,0.080631542944261,0.0502414804659712,174514,89899.2518587314,56016.1859892494
"30","新千歳","神戸","ANA",141715,115,41400,3,305,68.293435,2,0,182.922294172063,983.197039777983,1114939,1251,182.922294172063,1081,13761,71.7,0.127105608468266,8,25,"新千歳","神戸","ANA",20700,18569.0474697132,19972.2242820354,1081,563.346964805703,204.247102311554,0.127105608468266,0.0662690350581336,0.0240265044975876,141715,73885.9316786805,26788.0868980358
"31","札幌","新大阪","JR",74000,748,32410,1,152,5.75576,0,1,0,0,1114939,NA,NA,NA,NA,NA,0.0663713440825014,8,25,"札幌","新大阪","JR",32410,32410,35450,1,1,1,0.0663713440825014,0.527926594234087,0.716030311842091,74000,588605.949048758,798330.119854909
"32","新千歳","福岡","JAL",119560,145,51100,2,105,43.668941,2,0,230.931318681319,1662.84340659341,230475,1614,230.931318681319,728,17754,71.1,0.518754745634017,8,37,"新千歳","福岡","JAL",25550,105884.437883772,22088.4712838589,728,1,215.637456921184,0.518754745634017,1.81061964984197e-11,0.153621787455687,119560,4.17302563797328e-06,35405.9814638494
"33","新千歳","福岡","ANA",102915,145,51100,1,0,43.668941,2,0,401.44474393531,5366.7628032345,230475,1614,401.44474393531,371,17754,69.1,0.446534331272372,8,37,"新千歳","福岡","ANA",25550,22999.0089637031,22557.2659294203,371,233.811144887218,95.3291733255312,0.446534331272372,0.281413681897097,0.11473761727947,102915,64858.8183352334,26444.1523424858
"34","札幌","博多","JR",8000,898,40480,1,0,2.412527,0,1,0,0,230475,NA,NA,NA,NA,NA,0.034710923093611,8,37,"札幌","博多","JR",40480,40480,43950,1,1,1,0.034710923093611,0.718586318084797,0.731640595264843,8000,165616.181660594,168624.866193665
"35","仙台","新千歳","JAL",117426,65,28400,4,440,56.355039,3,0,154.101186322401,232.587578506629,342089,664,154.101186322401,1433,7304,53.2,0.343261548895171,12,8,"仙台","新千歳","JAL",14200,13128.1995598887,12586.4479219724,1433,1226.30330003645,1452.04266196502,0.343261548895171,0.293884310953583,0.347982882517002,117426,100534.5900498,119041.116297359
"36","仙台","新千歳","ANA",103819,65,28400,3,545,56.355039,3,0,172.169287696577,860.031452358927,342089,664,172.169287696577,1081,7304,55.8,0.303485350303576,12,8,"仙台","新千歳","ANA",14200,12585.0513990563,13055.8050424534,1081,1090.56016385516,950.428883286328,0.303485350303576,0.306267139146456,0.266913412660584,103819,104770.619363472,91308.1424236464
"37","仙台","新千歳","ADO",109844,65,27400,4,355,56.355039,3,0,126,179.134715025907,342089,664,126,1351,5976,64.5,0.321097726030361,12,8,"仙台","新千歳","ADO",13700,11413.6448521288,11421.4199556737,1351,1436.71589977779,1440.48088748066,0.321097726030361,0.341320244658381,0.342214691865431,109844,116761.901174941,117067.881725554
"38","仙台","札幌","JR",11000,497,17930,1,636,2.057914,0,1,0,0,342089,NA,NA,NA,NA,NA,0.032155374770893,12,8,"仙台","札幌","JR",17930,17930,16800,1,1,1,0.032155374770893,0.0585283052415794,0.0428890129569825,11000,20021.8894117866,14671.8595534412
"39","仙台","成田","ANA",13257,60,18100,2,450,78.831177,2,0,73.7912087912088,0,22371,435,73.7912087912088,364,4785,49.4,0.592597559340217,12,18,"仙台","成田","ANA",9050,12312.7266615959,14186.884919405,364,326.950756721655,285.406831778617,0.592597559340217,0.532756212396563,0.465061663154145,13257,11918.2892275235,10403.8944664214
"40","仙台","成田","IBX",9114,60,18100,2,0,78.831177,2,0,50,0,22371,435,50,357,4785,51.1,0.407402440659783,12,18,"仙台","成田","IBX",9050,11508.3596550671,12486.6446500476,357,409.108053717279,468.37986432793,0.407402440659783,0.467243787603437,0.534938336845855,9114,10452.7107724765,11967.1055335786
"41","仙台","大阪","ANA",288522,75,30800,6,595,28.404095,3,0,207.327046918123,1397.43422263109,499572,803,207.327046918123,2174,8833,64,0.577538372847157,12,25,"仙台","大阪","ANA",15400,15963.8844916809,16301.6792340812,2174,1927.28107554826,1868.94868071949,0.577538372847157,0.511897376441728,0.496403943619058,288522,255729.596143747,247989.51092166
"42","仙台","大阪","JEX",201894,75,30800,6,625,28.404095,3,0,152.043238270469,105.848206071757,499572,803,152.043238270469,2174,8833,61.1,0.404133938651486,12,25,"仙台","大阪","JEX",15400,15262.4453459713,15407.9688656566,2174,2381.84971084466,2448.18414435418,0.404133938651486,0.442919281786121,0.455254568733049,201894,221270.071440456,227432.435411107
"43","仙台","大阪","IBX",9156,75,30800,1,55,28.404095,3,0,50,0,499572,803,50,421,8833,43.5,0.0183276885013572,12,25,"仙台","大阪","IBX",15400,12584.5032007718,12597.5837657327,421,1037.80838693319,1110.34729504522,0.0183276885013572,0.0451833417721507,0.0483414876478936,9156,22572.3324157969,24150.0536672335
"44","仙台","福岡","JAL",82514,105,43500,3,300,17.895864,2,0,146.253699788584,380.818181818182,111836,1256,146.253699788584,946,13816,59.6,0.737812511177081,12,37,"仙台","福岡","JAL",21750,22402.56816616,22587.697861727,946,756.212306872938,755.248491708414,0.737812511177081,0.589406928293868,0.588655711564913,82514,65916.913232673,65832.9001585736
"45","仙台","福岡","ANA",29322,105,43500,2,50,17.895864,2,0,125.407024793388,294.039256198347,111836,1256,125.407024793388,484,13816,48.3,0.262187488822919,12,37,"仙台","福岡","ANA",21750,20178.8417076526,20353.7199763263,484,758.096072958209,759.483077492394,0.262187488822919,0.410593071706132,0.411344288435087,29322,45919.086767327,46003.0998414264
"46","東京","函館","JAL",239803,80,31400,3,640,24.936932,3,0,344.278748850046,2744.45906163753,608501,786,344.278748850046,1087,8646,64.1,0.394088095171577,18,3,"東京","函館","JAL",15700,14367.0611170299,14597.1332587803,1087,1098.54681432413,1095.8396445212,0.394088095171577,0.398405677077879,0.397423878392343,239803,242430.252907566,241832.827425619
"47","東京","函館","ANA",176356,80,31400,2,425,24.936932,3,0,343.456908344733,3031.31326949384,608501,786,343.456908344733,731,8646,70.2,0.28982039470765,18,3,"東京","函館","ANA",15700,14001.8423411086,14059.948625829,731,825.965158999479,867.956738444611,0.28982039470765,0.327272715767303,0.343911066785661,176356,199145.77481712,209270.228050141
"48","東京","函館","ADO",115342,80,24200,2,525,24.936932,3,0,226.947658402204,523.707988980716,608501,786,226.947658402204,726,7074,70,0.18955104428752,18,3,"東京","函館","ADO",12100,10892.9294503073,10908.316238214,726,237.618304701928,252.94870897385,0.18955104428752,0.0620357936830389,0.0660381528349717,115342,37748.8424919228,40184.2820382331
"49","東京","函館","JR",77000,401,18850,1,580,4.96767775,0,1,0,0,608501,NA,NA,NA,NA,NA,0.126540465833253,18,3,"東京","新函館北斗","JR",18850,18850,18280,1,1,1,0.126540465833253,0.212285813471779,0.192626901987024,77000,129176.129783391,117213.662486006
"50","東京","新千歳","JAL",1754613,90,33500,18,800,58.783124,4,0,444.655208964264,5680.17549969715,4835376,894,444.655208964264,6604,9834,59.8,0.362870022930999,18,8,"東京","新千歳","JAL",16750,15522.1494114981,15695.8708649729,6604,6537.26218075847,7246.59668354887,0.362870022930999,0.35949281984721,0.398500076030632,1754613,1738282.95326152,1926897.70363669
"51","東京","新千歳","ANA",1715570,90,33500,16,780,58.783124,4,0,462.30157946693,6773.39404409345,4835376,894,462.30157946693,6078,9834,61.1,0.354795573291508,18,8,"東京","新千歳","ANA",16750,15461.1949021784,15885.6566371185,6078,6129.10650976875,6297.54344202529,0.354795573291508,0.358041613296327,0.367881127566098,1715570,1731265.82393434,1778843.57508605
"52","東京","新千歳","SKY",397362,90,21700,9,775,58.783124,4,0,177,0,4835376,894,177,2903,4917,77.3,0.0821780974219999,18,8,"東京","新千歳","SKY",10850,8567.10251890054,8578.481164989,2903,663.841402705874,772.939171555171,0.0821780974219999,0.0187839465968356,0.0218709590301458,397362,90827.4445596204,105754.31039135
"53","東京","新千歳","ADO",602707,90,25900,10,785,58.783124,4,0,242.955937052933,1394.61201716738,4835376,894,242.955937052933,3495,8046,71,0.124645322307924,18,8,"東京","新千歳","ADO",12950,11771.4316216145,11795.332350708,3495,1079.50096225439,1252.15407066635,0.124645322307924,0.0385104548564953,0.0446697358296657,602707,186212.529162181,215994.968557106
"54","成田","新千歳","JAL",63195,105,33500,2,60,104.604254,3,0,179.498432601881,272.62539184953,4835376,892,179.498432601881,638,9812,55.2,0.0130693042278408,18,8,"成田","新千歳","JAL",16750,15389.3420175186,15762.4005412369,638,657.809095945206,686.486066624784,0.0130693042278408,0.0134793627886912,0.014066991165759,63195,65177.7873237305,68019.1914751229
"55","成田","新千歳","ANA",34133,105,33500,1,0,104.604254,3,0,165.510989010989,333.851648351648,4835376,892,165.510989010989,364,9812,56.7,0.00705901671348826,18,8,"成田","新千歳","ANA",16750,15761.2714007943,16135.9212102597,364,335.172265583174,349.615537522731,0.00705901671348826,0.0065050062342548,0.00678532051934753,34133,31454.1510249661,32809.5759915606
"56","成田","新千歳","IBX",11796,105,33500,1,40,104.604254,3,0,50,0,4835376,892,50,361,9812,65.4,0.00243952073220366,18,8,"成田","新千歳","IBX",16750,13410.3787839153,13413.2931159754,361,677.263650195167,790.590389829849,0.00243952073220366,0.00458010325595816,0.00534649337454545,11796,22146.521361382,25852.3057474361
"57","東京","札幌","JR",256000,598,22780,1,452,7.452543,0,1,0,0,4835376,NA,NA,NA,NA,NA,0.0529431423740367,18,8,"東京","札幌","JR",22780,22780,21000,1,1,1,0.0529431423740367,0.200606693124228,0.140879296483807,256000,970008.789372256,681204.369114682
"58","成田","仙台","ANA",13572,60,18100,2,0,78.831177,2,0,73.9972527472527,0,21123,435,73.9972527472527,364,4785,50.4,0.642522368981679,18,12,"成田","仙台","ANA",9050,12657.5231119779,14443.5696414827,364,309.619147530522,271.956666447217,0.642522368981679,0.546661318130157,0.480164715070355,13572,11547.1270228633,10142.5192764311
"59","成田","仙台","IBX",7551,60,18100,2,270,78.831177,2,0,50,0,21123,435,50,359,4785,42.1,0.357477631018321,18,12,"成田","仙台","IBX",9050,11338.8399461715,12244.2800405003,359,454.910830267776,521.638039124413,0.357477631018321,0.453338681869843,0.519835284929645,7551,9575.87297713669,10980.4807235689
"60","東京","大阪","JAL",1262583,65,22500,15,770,30.83218,2,0,375.392092257002,4405.60150100677,25077066,514,375.392092257002,5463,5654,61.6,0.0503481148871244,18,25,"東京","大阪","JAL",11250,9625.43381660127,9603.47964448343,5463,3681.83131171649,3713.02547348845,0.0503481148871244,0.0339510332435476,0.0342386819524807,1262583,851392.301416638,858605.687075367
"61","東京","大阪","ANA",1324401,65,22500,14,735,30.83218,2,0,423.075745682889,3186.07476452119,25077066,514,423.075745682889,5096,5654,61.4,0.0528132358067726,18,25,"東京","大阪","ANA",11250,9431.96043990033,9541.03379201719,5096,3645.65336365107,3533.56887347885,0.0528132358067726,0.0377646226401205,0.0366035609447417,1324401,947025.934411397,917909.91364631
"62","東京","関西","JAL",249460,75,22500,6,870,54.078609,3,0,164.115300306883,83.0289346777729,25077066,678,164.115300306883,2281,7458,66.6,0.00994773471505797,18,25,"東京","関西","JAL",11250,11804.6461994268,11654.456700449,2281,795.780259678261,834.287956967925,0.00994773471505797,0.00346848435350163,0.00363632383420524,249460,86979.4110527278,91188.3327877378
"63","東京","関西","ANA",242305,75,22500,4,760,54.078609,3,0,227.097093382808,2047.57390228819,25077066,678,227.097093382808,1617,7458,66,0.00966241425531998,18,25,"東京","関西","ANA",11250,11373.1620343482,11893.0983905051,1617,642.271379735682,549.720139628596,0.00966241425531998,0.0038388165469844,0.00328564347532547,242305,96266.2559106199,82394.2982832061
"64","東京","関西","SFJ",150657,75,20700,4,490,54.078609,3,0,144,0,25077066,678,144,1455,6102,71.9,0.00600776023797999,18,25,"東京","関西","SFJ",10350,9692.50662980431,9692.06699612905,1455,557.611019092209,558.684892775417,0.00600776023797999,0.00230221567677538,0.00230664939265206,150657,57732.8144727309,57843.9990583956
"65","成田","大阪","JAL",105150,85,22500,2,0,76.65331,2,0,205.290809327846,661.068587105624,25077066,589,205.290809327846,729,6479,70.3,0.00419307426155835,18,25,"成田","大阪","JAL",11250,10442.2665625784,10642.5205881251,729,383.677920022122,361.757634171449,0.00419307426155835,0.00220808056883384,0.00208192851596783,105150,55372.1821579638,52208.6588022072
"66","成田","大阪","ANA",87751,85,22500,2,0,76.65331,2,0,212.053375196232,1937.72527472527,25077066,589,212.053375196232,637,6479,65,0.00349925306253929,18,25,"成田","大阪","ANA",11250,10592.8842552176,11017.1068486636,637,320.312826025947,282.215362673905,0.00349925306253929,0.00176058157363144,0.0015511809922939,87751,44150.2203203396,38899.0681216997
"67","東京","神戸","JAL",120191,70,22500,2,480,44.948443,3,0,229.603851444292,94.0453920220083,25077066,695,229.603851444292,727,7645,72,0.00479286532164488,18,25,"東京","神戸","JAL",11250,11890.0821470826,11731.7678403974,727,247.015778936198,259.606556529105,0.00479286532164488,0.00162839454312993,0.00171139634007728,120191,40835.3574321092,42916.7989722764
"68","東京","神戸","ANA",114621,70,22500,2,790,44.948443,3,0,249.665441176471,1327.75245098039,25077066,695,249.665441176471,816,7645,56.3,0.00457075002314864,18,25,"東京","神戸","ANA",11250,11574.0541144274,11579.5008221001,816,304.847277518511,304.890602912653,0.00457075002314864,0.00170872598527428,0.00170896883220864,114621,42849.8343086382,42855.924197239
"69","東京","神戸","SKY",258947,70,11400,6,690,44.948443,3,0,177,0,25077066,695,177,1895,3822.5,77.2,0.0103260485098217,18,25,"東京","神戸","SKY",5700,7406.40157659457,7406.41468266757,1895,86.8866132782353,87.0420136074417,0.0103260485098217,0.000473441924377883,0.00047428869499228,258947,11872.5343847912,11893.7689073753
"70","東京","新大阪","JR",21161000,150,14450,1,780,12.048303,0,1,0,0,25077066,NA,NA,NA,NA,NA,0.843838748919032,18,25,"東京","新大阪","JR",14450,14450,14450,1,1,1,0.843838748919032,0.910895602943823,0.912401377025055,21161000,22842589.154132,22880349.5501482
"71","東京","福岡","JAL",1526552,100,36700,19,785,20.323949,3,0,386.851157987904,4767.96592417761,5587903,1041,386.851157987904,6779,11451,58.2,0.273188707821163,18,37,"東京","福岡","JAL",18350,16551.0288969125,16612.82230849,6779,6335.84949083907,6148.27417076018,0.273188707821163,0.255283578580064,0.247725807671478,1526552,1426499.87459827,1384267.78386488
"72","東京","福岡","ANA",1605033,100,36700,18,805,20.323949,3,0,416.227159338946,5235.22061116308,5587903,1041,416.227159338946,6414,11451,60.1,0.287233511390588,18,37,"東京","福岡","ANA",18350,16529.1446011466,16373.051625538,6414,6035.62535188123,6256.27189474765,0.287233511390588,0.27019561868265,0.280073257814343,1605033,1509826.90822364,1565022.19756054
"73","東京","福岡","SKY",589790,100,21700,10,760,20.323949,3,0,198.6640044065,0,5587903,1041,198.6640044065,3631,5725.5,81.8,0.10554764461731,18,37,"東京","福岡","SKY",10850,9340.74442867273,9340.39166842384,3631,320.824416661536,317.238571488034,0.10554764461731,0.00933020193803375,0.00922591854235132,589790,52136.2634001446,51553.5379005606
"74","成田","福岡","JAL",68401,120,36700,2,0,66.145079,2,0,147.222363405337,94.7090216010165,5587903,1107,147.222363405337,787,12177,59,0.012240906830344,18,37,"成田","福岡","JAL",18350,17284.0288085141,17633.2615480934,787,589.449458300982,524.331600335989,0.012240906830344,0.00916270092588383,0.00815047596059639,68401,51200.283991849,45544.0690716445
"75","成田","福岡","ANA",49204,120,36700,2,0,66.145079,2,0,122.860082304527,6.86556927297668,5587903,1107,122.860082304527,729,12177,54.9,0.00880544991564814,18,37,"成田","福岡","ANA",18350,17572.1770171163,17831.9465135323,729,500.434701779649,457.370743855012,0.00880544991564814,0.00604062262858363,0.00552080831956219,49204,33754.4133081303,30849.7413713065
"76","東京","北九州","JAL",128677,100,36700,4,615,80.733392,2,0,164.131958762887,119.356701030928,5587903,958,164.131958762887,1455,10538,53.9,0.0230277798308238,18,37,"東京","北九州","JAL",18350,15852.8561164365,15238.1531030386,1455,1678.9870125626,1999.55321949413,0.0230277798308238,0.0265815557664366,0.0316567281427731,128677,148535.155211938,176894.726159186
"77","東京","北九州","SFJ",382047,100,29600,11,705,80.733392,2,0,144,708.053732133404,5587903,958,144,3778,8622,70.2,0.068370370781311,18,37,"東京","北九州","SFJ",14800,136393.145613003,171391.088336385,3778,1,1,0.068370370781311,1.37436798987132e-17,7.76440394158484e-22,382047,7.6798350137059e-11,4.33867360783937e-15
"78","東京","佐賀","ANA",127199,110,36700,4,570,69.447815,1,0,134.094579646018,4341.52157079646,5587903,1130,134.094579646018,1808,12430,52.5,0.0227632798922959,18,37,"東京","佐賀","ANA",18350,17671.0253224598,17979.989658705,1808,1202.81692281959,1083.06113921256,0.0227632798922959,0.015153787667703,0.0136450346045134,127199,84677.8955697205,76247.129801664
"79","東京","博多","JR",1111000,300,22950,1,480,8.70507,0,1,0,0,5587903,NA,NA,NA,NA,NA,0.198822348920516,18,37,"東京","博多","JR",22950,22950,22950,1,1,1,0.198822348920516,0.408251933810645,0.404001968944382,1111000,2281272.20569631,2257523.81427022
"80","東京","那覇","JAL",1279999,160,40800,11,720,20.748883,3,0,480.993856332703,9219.23511342155,2603861,1687,480.993856332703,4232,18557,62.9,0.49157731537897,18,46,"東京","那覇","JAL",20400,25466.671073813,25494.6783088957,4232,4331.80593654925,4371.54092422613,0.49157731537897,0.503316734115338,0.507933580881002,1279999,1310566.8146103,1322588.44184639
"81","東京","那覇","ANA",1106219,160,40800,9,705,20.748883,3,0,456.351366271046,6482.09108473641,2603861,1687,456.351366271046,3623,18557,66.9,0.424837961780602,18,46,"東京","那覇","ANA",20400,25252.0546866877,25327.6621977087,3623,3959.08539030283,3938.24325944316,0.424837961780602,0.464197230226729,0.46175351950486,1106219,1208705.0640954,1202341.98105144
"82","東京","那覇","SKY",163200,160,24700,3,595,20.748883,3,0,192.315547378105,0,2603861,1687,192.315547378105,1087,9278.5,78.1,0.0626761566765661,18,46,"東京","那覇","SKY",12350,12940.127364847,12940.3691647518,1087,377.143817829584,383.815757108503,0.0626761566765661,0.0217547764789959,0.0221396337690599,163200,56646.4140373747,57648.5289255382
"83","成田","那覇","ANA",54443,155,40800,1,200,66.570013,1,0,215.120547945205,158.282191780822,2603861,1887,215.120547945205,365,20757,69.3,0.020908566163862,18,46,"成田","那覇","ANA",20400,27748.2508580707,28705.922577167,365,187.43614814231,142.757288981656,0.020908566163862,0.0107312591789373,0.00817326584507844,54443,27942.7072569268,21282.0481766318
"84","関西","函館","ANA",38638,100,38900,1,30,43.577409,1,0,123.351648351648,93.3186813186813,53638,1197,123.351648351648,364,13167,86.1,0.720347514821582,25,3,"関西","函館","ANA",19450,18189.696478753,70756.5994032748,364,106.601323417357,1,0.720347514821582,0.211075647014401,2.40335730461306e-08,38638,11321.6755545584,0.00128911279104836
"85","新大阪","函館","JR",15000,551,28480,1,0,3.27089475,0,1,0,0,53638,NA,NA,NA,NA,NA,0.279652485178418,25,3,"新大阪","新函館北斗","JR",28480,28480,32730,1,1,1,0.279652485178418,0.788924352985599,0.999999975966427,15000,42316.3244454416,53637.9987108873
"86","大阪","新千歳","JAL",157415,110,41400,2,425,54.177172,2,0,271.964376590331,4108.08905852417,1120931,1161,271.964376590331,786,12771,77.5,0.140432372733023,25,8,"大阪","新千歳","JAL",20700,17448.3026280664,16937.2993939086,786,547.16601174728,319.540666734138,0.140432372733023,0.102885448827008,0.0600842965564308,157415,115327.489039107,67350.3506232966
"87","大阪","新千歳","ANA",102185,110,41400,1,415,54.177172,2,0,302.304245283019,3668.6179245283,1120931,1161,302.304245283019,424,12771,79.7,0.0911608297031664,25,8,"大阪","新千歳","ANA",20700,17566.1816909194,17318.9910016411,424,301.130155514624,162.359801431485,0.0911608297031664,0.0647258758502181,0.0348981334418699,102185,72553.2407426608,39118.3996171286
"88","関西","新千歳","JAL",236934,110,41300,4,455,77.423601,2,0,231.357679180887,2449.16040955631,1120931,1309,231.357679180887,1465,14399,69.9,0.21137251088604,25,8,"関西","新千歳","JAL",20650,19162.1312914734,18752.1706429221,1465,622.538487010251,352.60577401853,0.21137251088604,0.0898149062067827,0.0508711592652469,236934,100676.312629275,57023.0594263524
"89","関西","新千歳","ANA",231669,110,41300,4,590,77.423601,2,0,214.428089128967,2003.45509790682,1120931,1309,214.428089128967,1481,14399,73,0.206675522400576,25,8,"関西","新千歳","ANA",20650,19139.502005765,18794.3184372206,1481,633.156863531432,351.656343215032,0.206675522400576,0.0884172441899926,0.0491070800300339,231669,99109.6299471326,55045.648325146
"90","神戸","新千歳","JAL",176178,115,41400,3,400,68.293435,2,0,233.791705069124,2045.65806451613,1120931,1251,233.791705069124,1085,13761,69.5,0.157171137206483,25,8,"神戸","新千歳","JAL",20700,125685.99237517,18454.7485846152,1085,1,294.294360971839,0.157171137206483,5.17464436345041e-15,0.0426596181285601,176178,5.80041928096683e-09,47818.488408465
"91","神戸","新千歳","ANA",133550,115,41400,3,380,68.293435,2,0,182.345270890725,641.640036730946,1120931,1251,182.345270890725,1089,13761,67.3,0.1191420346123,25,8,"神戸","新千歳","ANA",20700,18573.057529301,18458.7817487502,1089,569.636551207274,295.01773738644,0.1191420346123,0.062363220861897,0.0322982369649821,133550,69904.867523947,36204.0950593944
"92","新大阪","札幌","JR",83000,748,32410,1,152,5.75576,0,1,0,0,1120931,NA,NA,NA,NA,NA,0.0740455924584118,25,8,"新大阪","札幌","JR",32410,32410,35450,1,1,1,0.0740455924584118,0.591793304064097,0.730081475612876,83000,663359.460117872,818370.958540217
"93","大阪","仙台","ANA",285683,75,30800,6,575,28.404095,3,0,207.224977043159,1352.3709825528,495222,803,207.224977043159,2178,8833,63.3,0.576878652402357,25,12,"大阪","仙台","ANA",15400,15962.5939911707,16344.8038639625,2178,1932.29721204974,1866.22136608594,0.576878652402357,0.511823011382753,0.49432097378214,285683,253466.01534299,244798.621278339
"94","大阪","仙台","JEX",200544,75,30800,6,605,28.404095,3,0,156.362298850575,200.103908045977,495222,803,156.362298850575,2175,8833,59,0.404957776512352,25,12,"大阪","仙台","JEX",15400,15267.9948950981,15433.0659897827,2175,2379.90738664329,2454.68612345324,0.404957776512352,0.443347420179102,0.457277777400146,200544,219555.396115935,226454.015479655
"95","大阪","仙台","IBX",8995,75,30800,1,0,28.404095,3,0,50,0,495222,803,50,422,8833,42.6,0.018163571085291,25,12,"大阪","仙台","IBX",15400,12583.0478227384,12597.0845800394,422,1042.28115216315,1125.32221793455,0.018163571085291,0.0448295684381449,0.0484012488177137,8995,22200.588541075,23969.3632420058
"96","大阪","東京","JAL",1315634,65,22500,15,660,30.83218,2,0,375.231966312706,2857.73416331014,25166092,514,375.231966312706,5462,5654,64.2,0.052278041421767,25,18,"大阪","東京","JAL",11250,9636.99483599379,9234.63520573296,5462,3674.46101486124,4138.99335507587,0.052278041421767,0.0351732680139921,0.0396199393591098,1315634,885173.698780782,997079.038945779
"97","大阪","東京","ANA",1347162,65,22500,14,655,30.83218,2,0,423.17658613239,2438.75564722059,25166092,514,423.17658613239,5091,5654,62.5,0.0535308382405977,25,18,"大阪","東京","ANA",11250,9391.01555729741,9541.55276090146,5091,3692.09035369081,3517.91604889815,0.0535308382405977,0.0388023642975439,0.0369718633676085,1347162,976503.869729504,930437.314920666
"98","関西","東京","JAL",243321,75,22500,6,755,54.078609,3,0,164.617543859649,302.375877192982,25166092,678,164.617543859649,2280,7458,64.8,0.00966860488311018,25,18,"関西","東京","JAL",11250,11709.6040742605,11598.6690790185,2280,819.524412892553,845.181783776492,0.00966860488311018,0.00347373943468214,0.00358249399968067,243321,87420.4461972386,90157.3735854116
"99","関西","東京","ANA",230813,75,22500,4,780,54.078609,3,0,189.869700103413,1391.54705274043,25166092,678,189.869700103413,1934,7458,62.9,0.00917158691146802,25,18,"関西","東京","ANA",11250,11385.0147672905,11856.2796824839,1934,765.981877321806,662.317746964014,0.00917158691146802,0.00363503858007293,0.00314309076201513,230813,91479.7153296648,79099.3112812228
"100","関西","東京","SFJ",158283,75,20700,4,755,54.078609,3,0,144,0,25166092,678,144,1456,6102,75.5,0.00628953434645316,25,18,"関西","東京","SFJ",10350,9692.44796259546,9692.07219486344,1456,558.583131135577,557.110199672415,0.00628953434645316,0.00241313422906742,0.00240677101984627,158283,60729.1580170599,60569.020908385
"101","大阪","成田","JAL",108098,85,22500,2,530,76.65331,2,0,204.598901098901,1145.7239010989,25166092,589,204.598901098901,728,6479,72.6,0.00429538285086139,25,18,"大阪","成田","JAL",11250,10736.4228491155,10359.4102191521,728,351.013282114878,392.366869955869,0.00429538285086139,0.00207179932747855,0.00231588221505928,108098,52139.0924808632,58281.7048853455
"102","大阪","成田","ANA",88647,85,22500,2,525,76.65331,2,0,212.138147566719,10.6624803767661,25166092,589,212.138147566719,637,6479,65.6,0.00352247778479074,25,18,"大阪","成田","ANA",11250,10612.4085013178,11035.8376413343,637,319.009933630952,279.860078452652,0.00352247778479074,0.00176405060040943,0.00154756102358917,88647,44394.2597025589,38946.0630952593
"103","神戸","東京","JAL",111429,70,22500,2,715,44.948443,3,0,229.692837465565,1016.64600550964,25166092,695,229.692837465565,726,7645,66.8,0.0044277434891361,25,18,"神戸","東京","JAL",11250,11772.7054522543,11648.0987365922,726,255.980718409169,265.089711521268,0.0044277434891361,0.00156068547639343,0.00161622197673209,111429,39276.354281981,40673.9909588617
"104","神戸","東京","ANA",122651,70,22500,2,710,44.948443,3,0,250.607579462103,517.812958435208,25166092,695,250.607579462103,818,7645,59.8,0.00487366095617865,25,18,"神戸","東京","ANA",11250,11651.2521564234,11647.7585690072,818,299.283612350295,298.776284693803,0.00487366095617865,0.00178222504769281,0.00177920392652387,122651,44851.6395149416,44775.6097016609
"105","神戸","東京","SKY",276054,70,11400,6,695,44.948443,3,0,177,0,25166092,695,177,1897,3822.5,82.2,0.0109692835899988,25,18,"神戸","東京","SKY",5700,7406.70934518491,7405.44278212937,1897,87.0913212521669,86.8850956084839,0.0109692835899988,0.000503505458625152,0.000502313195885192,276054,12671.2646942628,12641.2601004608
"106","新大阪","東京","JR",21164000,150,14450,1,780,12.048303,0,1,0,0,25166092,NA,NA,NA,NA,NA,0.840972845525638,25,18,"新大阪","東京","JR",14450,14450,14450,1,1,1,0.840972845525638,0.908820189534042,0.90651465915395,21164000,22871452.5012712,22813431.3116169
"107","大阪","福岡","JAL",86430,70,21900,2,630,15.717997,3,0,144.375,881.760044642857,3054094,578,144.375,896,6358,69.2,0.0282997183452769,25,37,"大阪","福岡","JAL",10950,10151.8215532946,10268.8517121031,896,336.573859348208,329.219047806247,0.0282997183452769,0.0110102219685547,0.0107696266122466,86430,33626.2528528311,32891.4520187027
"108","大阪","福岡","ANA",286928,70,21900,7,615,15.717997,3,0,156.136557059961,1473.40618955513,3054094,578,156.136557059961,2585,6358,71.1,0.0939486472911443,25,37,"大阪","福岡","ANA",10950,10287.1108044183,10740.1377027896,2585,968.068122181372,855.33817968411,0.0939486472911443,0.0351882540541963,0.031090639676429,286928,107468.235577397,94953.7360919438
"109","大阪","福岡","JAC",37593,70,21900,2,30,15.717997,3,0,74,62.5281690140845,3054094,578,74,710,6358,71.6,0.0123090513913455,25,37,"大阪","福岡","JAC",10950,9958.11423745784,9958.43673673623,710,293.563476663988,297.474574598981,0.0123090513913455,0.00509289080413528,0.00516074255099954,37593,15554.1672475647,15761.3928605524
"110","関西","福岡","JAL",43976,70,21900,3,515,38.964426,2,0,62.2207207207207,121.347747747748,3054094,553,62.2207207207207,1110,6083,72,0.0143990329046847,25,37,"関西","福岡","JAL",10950,11152.5183133693,80860.2126550821,1110,280.020108920171,1,0.0143990329046847,0.00410746956550178,9.47847402700852e-12,43976,12544.5981551816,2.89481506550426e-05
"111","関西","福岡","ANA",62171,70,21900,4,410,38.964426,2,0,78.4483798040693,23.9005275056518,3054094,553,78.4483798040693,1327,6083,59.7,0.0203566098489437,25,37,"関西","福岡","ANA",10950,10183.9898149749,10847.1389830865,1327,512.994090589129,425.324169735731,0.0203566098489437,0.00786662181573329,0.00652222794332643,62171,24025.4024877001,19919.4972283456
"112","大阪","佐賀","ANA",20996,80,21900,2,275,64.841863,1,0,74,3.17198335644938,3054094,660,74,721,7260,39.4,0.00687470654144895,25,37,"大阪","佐賀","ANA",10950,11389.1916730682,59072.6618136448,721,193.191883854783,1,0.00687470654144895,0.00184431211536712,2.0508502728544e-09,20996,5632.70256567004,0.006263489513223
"113","新大阪","博多","JR",2516000,150,15310,1,780,7.008287,0,1,0,0,3054094,NA,NA,NA,NA,NA,0.823812233677156,25,37,"新大阪","博多","JR",15310,15310,15310,1,1,1,0.823812233677156,0.934890229676511,0.94645676115667,2516000,2855242.64111366,2890567.91550802
"114","大阪","那覇","JAL",140677,130,34200,1,415,16.142931,2,0,462.306074766355,9072.21728971963,993179,1304,462.306074766355,428,14344,71.1,0.141643147911907,25,46,"大阪","那覇","JAL",17100,20220.9038909667,20007.6928826631,428,412.236042235745,467.797416756774,0.141643147911907,0.136432435730571,0.154820865857473,140677,135501.830086453,153764.832731459
"115","大阪","那覇","ANA",156335,130,34200,1,0,16.142931,2,0,478.284037558685,8777.50234741784,993179,1304,478.284037558685,426,14344,76.7,0.157408684637915,25,46,"大阪","那覇","ANA",17100,20935.5724472511,21669.8621029359,426,330.641218118189,281.645851972174,0.157408684637915,0.122126726072551,0.104029636743537,156335,121293.69967401,103320.05059131
"116","関西","那覇","JAL",217810,130,34200,4,615,39.38936,2,0,224.600814663951,2764.37746096402,993179,1261,224.600814663951,1473,13871,65.8,0.219305885444618,25,46,"関西","那覇","JAL",17100,19487.5990060333,20040.9845816757,1473,1772.51572894546,1594.84860255705,0.219305885444618,0.263754446766985,0.237317166767707,217810,261955.377685587,235698.426373185
"117","関西","那覇","ANA",227843,130,34200,4,495,39.38936,2,0,243.927156549521,5183.34057507987,993179,1261,243.927156549521,1565,13871,59.7,0.229407790539268,25,46,"関西","那覇","ANA",17100,20423.1382976944,20557.1800342289,1565,1417.5166451889,1448.06346129224,0.229407790539268,0.207842866552413,0.212321782439938,227843,206425.170359659,210873.535561915
"118","神戸","那覇","ANA",157229,125,34200,3,520,30.259194,2,0,243.435546875,1714.3828125,993179,1308,243.435546875,1024,14388,63.1,0.158308824491859,25,46,"神戸","那覇","ANA",17100,20963.9986662166,20809.2234163926,1024,787.290547910663,877.737183661803,0.158308824491859,0.121764548692205,0.135753277265402,157229,120933.992705575,134827.304161174
"119","神戸","那覇","JTA",93285,125,34200,2,300,30.259194,2,0,204.304172274563,3142.57604306864,993179,1308,204.304172274563,743,14388,61.5,0.0939256669744326,25,46,"神戸","那覇","JTA",17100,18593.0245752471,18630.4986928886,743,1170.49234996525,1231.18553873693,0.0939256669744326,0.148078976185275,0.155757270925943,93285,147068.929488716,154694.850580957
"120","福岡","新千歳","JAL",120647,145,51100,2,405,43.668941,2,0,230.76817558299,3332.93141289438,233962,1614,230.76817558299,729,17754,71.7,0.515669211239432,37,8,"福岡","新千歳","JAL",25550,23405.2232236184,22106.1371428606,729,284.59914348532,198.09126335195,0.515669211239432,0.2012719877893,0.140092559135187,120647,47089.9968071602,32776.3353203867
"121","福岡","新千歳","ANA",104315,145,51100,1,60,43.668941,2,0,401.927419354839,4785.97043010753,233962,1614,401.927419354839,372,17754,69.8,0.445863003393713,37,8,"福岡","新千歳","ANA",25550,22551.4543397567,22504.6220962345,372,187.92040751575,89.5313360032055,0.445863003393713,0.225336569088001,0.107357600739219,104315,52720.1943769668,25117.5989841492
"122","博多","札幌","JR",9000,898,40480,1,0,2.412527,0,1,0,0,233962,NA,NA,NA,NA,NA,0.0384677853668544,37,8,"博多","札幌","JR",40480,40480,43950,1,1,1,0.0384677853668544,0.573391443122699,0.752549840125593,9000,134151.808815873,176068.065695464
"123","福岡","仙台","JAL",82099,105,43500,3,325,17.895864,2,0,146.116156282999,594.189017951426,113236,1256,146.116156282999,947,13816,59.3,0.725025610229962,37,12,"福岡","仙台","JAL",21750,21620.1885010897,25889.6332441564,947,792.782895264484,710.495030147926,0.725025610229962,0.606628324276834,0.543662599332274,82099,68692.1649278116,61562.1780979893
"124","福岡","仙台","ANA",31137,105,43500,2,335,17.895864,2,0,125.416494845361,281.259793814433,113236,1256,125.416494845361,485,13816,51.2,0.274974389770038,37,12,"福岡","仙台","ANA",21750,19848.1235321864,23265.0666934971,485,693.686089558147,804.722166145737,0.274974389770038,0.393371675723166,0.456337400667726,31137,44543.8350721884,51673.8219020107
"125","福岡","東京","JAL",1546302,100,36700,19,680,20.323949,3,0,386.968422605873,6056.001770695,5649674,1041,386.968422605873,6777,11451,59,0.273697562018623,37,18,"福岡","東京","JAL",18350,16532.7275022747,16410.7502634343,6777,6263.66619600239,6346.34225754475,0.273697562018623,0.253123668070423,0.25646472541677,1546302,1430066.2062821,1448942.09110426
"126","福岡","東京","ANA",1639873,100,36700,18,690,20.323949,3,0,415.274372172828,5046.00545936671,5649674,1041,415.274372172828,6411,11451,61.6,0.290259756580645,37,18,"福岡","東京","ANA",18350,16521.1876270507,16499.5566540822,6411,5949.67832474601,5847.84836997384,0.290259756580645,0.269392772301293,0.264782060205264,1639873,1521981.34145854,1495932.32120811
"127","福岡","東京","SKY",601398,100,21700,10,685,20.323949,3,0,198.681918412348,0,5649674,1041,198.681918412348,3628,5725.5,83.4,0.106448265864544,37,18,"福岡","東京","SKY",10850,401005.786571502,9338.96205159373,3628,1,308.55295537115,0.106448265864544,1.9214790677513e-50,0.00904962779259825,601398,1.08557303306187e-43,51127.4468495197
"128","福岡","成田","JAL",73111,120,36700,2,660,66.145079,2,0,147.213924050633,13.0189873417722,5649674,1107,147.213924050633,790,12177,62.9,0.0129407466696309,37,18,"福岡","成田","JAL",18350,17213.9208876793,17657.8949571305,790,594.145101161181,507.204656882478,0.0129407466696309,0.00973797525318508,0.0083130305835542,73111,55016.3856005632,46965.912749111
"129","福岡","成田","ANA",52552,120,36700,2,540,66.145079,2,0,122.790410958904,12.4054794520548,5649674,1107,122.790410958904,730,12177,58.6,0.009301775642276,37,18,"福岡","成田","ANA",18350,17515.3581186145,17619.5240087269,730,501.701159297944,474.68939542759,0.009301775642276,0.00638974879539055,0.00604572251111109,52552,36099.9976358493,34156.361282239
"130","北九州","東京","JAL",123165,100,36700,4,625,80.733392,2,0,164.141678129298,383.036451169188,5649674,958,164.141678129298,1454,10538,51.6,0.0218003729064721,37,18,"北九州","東京","JAL",18350,16169.0498598498,15497.8338151918,1454,1501.48062370159,1796.47691020055,0.0218003729064721,0.0225094515921716,0.0269318893685902,123165,127171.06341455,152156.3951366
"131","北九州","東京","SFJ",372587,100,29600,11,980,80.733392,2,0,144,683.425999470479,5649674,958,144,3777,8622,68.5,0.0659484069346302,37,18,"北九州","東京","SFJ",14800,12297.864454586,12295.6947618605,3777,1467.53804633468,1433.94819573333,0.0659484069346302,0.0256223550049884,0.0250358958812731,372587,144757.952890453,141444.650027136
"132","佐賀","東京","ANA",128686,110,36700,4,600,69.447815,1,0,164.929155313351,591.051771117166,5649674,1130,164.929155313351,1468,12430,53.2,0.0227775974330554,37,18,"佐賀","東京","ANA",18350,17669.9151034124,17866.9857969186,1468,961.323796447188,884.341815470139,0.0227775974330554,0.0149298474851311,0.0137342781677603,128686,84348.7711607104,77594.1942731632
"133","博多","東京","JR",1112000,300,22950,1,480,8.70507,0,1,0,0,5649674,NA,NA,NA,NA,NA,0.196825515950124,37,18,"博多","東京","JR",22950,22950,22950,1,1,1,0.196825515950124,0.398294181497417,0.389642770073079,1112000,2250232.28155724,2201354.62736985
"134","福岡","大阪","JAL",79190,70,21900,2,725,15.717997,3,0,144.727982162765,653.397993311037,3058865,578,144.727982162765,897,6358,71.05,0.0258886874706795,37,25,"福岡","大阪","JAL",10950,10155.5677886538,10781.7496961961,897,296.352364847966,249.073467414964,0.0258886874706795,0.00996241608542699,0.00837305118014126,79190,30473.6858791496,25612.0331981428
"135","福岡","大阪","ANA",286273,70,21900,7,675,15.717997,3,0,156.281673769857,1314.69817900039,3058865,578,156.281673769857,2581,6358,71,0.0935879811629477,37,25,"福岡","大阪","ANA",10950,10258.2078042413,10693.8510730073,2581,974.861168382707,867.983499368378,0.0935879811629477,0.035362980684843,0.0314860051035252,286273,108170.583912542,96311.4390009945
"136","福岡","大阪","JAC",38401,70,21900,2,495,15.717997,3,0,74,103.273115220484,3058865,578,74,703,6358,73.8,0.0125540028736149,37,25,"福岡","大阪","JAC",10950,9958.31925638974,9959.20553776566,703,290.959029520229,295.499620750353,0.0125540028736149,0.00519468970358572,0.00527575597106061,38401,15889.8545201587,16137.8252884183
"137","福岡","関西","JAL",46002,70,21900,3,725,38.964426,2,0,62.2648648648649,10.6945945945946,3058865,553,62.2648648648649,1110,6083,74.9,0.0150389114916807,37,25,"福岡","関西","JAL",10950,10303.7143314831,64026.1688072487,1110,363.991728664107,1,0.0150389114916807,0.00554952832246673,1.09074579343777e-09,46002,16975.2579521022,0.00333644413144401
"138","福岡","関西","ANA",68597,70,21900,4,640,38.964426,2,0,78.5941265060241,3.40888554216867,3058865,553,78.5941265060241,1328,6083,65.7,0.0224256382677889,37,25,"福岡","関西","ANA",10950,10274.403992205,10790.2040556636,1328,499.547301358179,434.117512477036,0.0224256382677889,0.00843279937353816,0.0073282867854659,68597,25794.7948557378,22416.2399580242
"139","佐賀","大阪","ANA",23402,80,21900,2,60,64.841863,1,0,74,35.8145048814505,3058865,660,74,717,7260,44.1,0.0076505501223493,37,25,"佐賀","大阪","ANA",10950,12145.9153215111,31661.5745644579,717,153.023941460474,1,0.0076505501223493,0.0016325608700028,4.82073854044349e-06,23402,4993.78330562112,14.7459883955137
"140","博多","新大阪","JR",2517000,150,15310,1,780,7.008287,0,1,0,0,3058865,NA,NA,NA,NA,NA,0.822854228610939,37,25,"博多","新大阪","JR",15310,15310,15310,1,1,1,0.822854228610939,0.933865024960137,0.947532079130521,2517000,2856567.03957469,2898372.71322958
"141","福岡","那覇","JAL",199883,100,27500,5,575,5.6347,4,0,192.205128205128,3303.68357883252,655254,1008,192.205128205128,1833,11088,56.7,0.305046592619045,37,46,"福岡","那覇","JAL",13750,16483.204671114,16831.3615270244,1833,2207.84212123471,2127.53787286522,0.305046592619045,0.367203120787046,0.353847106636342,199883,240611.313708195,231859.73201189
"142","福岡","那覇","ANA",373204,100,27500,8,540,5.6347,4,0,209.456828345373,3345.96388028896,655254,1008,209.456828345373,2907,11088,61.3,0.569556233155387,37,46,"福岡","那覇","ANA",13750,17788.4348335646,17995.7348109712,2907,2356.72716482351,2369.93637633058,0.569556233155387,0.461800740011416,0.464389085298042,373204,302596.78209544,304292.805697883
"143","福岡","那覇","JTA",35297,100,27500,1,0,5.6347,4,0,145.506849315069,1113.48767123288,655254,1008,145.506849315069,365,11088,66.5,0.0538676604797529,37,46,"福岡","那覇","JTA",13750,15065.329437573,15093.2148677184,365,674.424040230363,716.056999125929,0.0538676604797529,0.0995929150154178,0.105740898316414,35297,65258.6559355126,69287.1465854233
"144","福岡","那覇","SKY",46870,100,19800,2,70,5.6347,4,0,177,0,655254,1008,177,594,5544,44.6,0.0715295137458146,37,46,"福岡","那覇","SKY",9900,9401.36870467409,9420.03425639817,594,592.678780127839,631.0242419093,0.0715295137458146,0.07140322418612,0.0760229097492025,46870,46787.2482608519,49814.315704804
"145","那覇","東京","JAL",1285780,160,40800,11,550,20.748883,4,0,478.944839015152,6419.83972537879,2566015,1687,478.944839015152,4224,18557,63.6,0.501080469132098,46,18,"那覇","東京","JAL",20400,25309.2685418439,25320.6427399489,4224,4158.74842373319,4188.93671790854,0.501080469132098,0.493680612147935,0.497264232513894,1285780,1266791.85598078,1275987.47959414
"146","那覇","東京","ANA",1075612,160,40800,9,575,20.748883,4,0,457.463219026549,6569.33296460177,2566015,1687,457.463219026549,3616,18557,65,0.419176037552392,46,18,"那覇","東京","ANA",20400,25002.7243490564,25068.3858798192,3616,3910.78409612392,3874.96669106331,0.419176037552392,0.453183602977747,0.449033064294016,1075612,1162875.92299494,1152225.57847441
"147","那覇","東京","JTA",32881,160,40800,1,0,20.748883,4,0,149.688715953307,163.007782101167,2566015,1687,149.688715953307,257,18557,85.5,0.0128140326537452,46,18,"那覇","東京","JTA",20400,22256.4134037403,22257.0810038956,257,637.812019726034,644.527450491073,0.0128140326537452,0.0318118324428271,0.0321467746384455,32881,81629.6392257809,82489.1059238706
"148","那覇","東京","SKY",171742,160,24700,3,195,20.748883,4,0,192.24861878453,0,2566015,1687,192.24861878453,1086,9278.5,82.3,0.0669294606617654,46,18,"那覇","東京","SKY",12350,12938.6728064281,12938.1970736198,1086,345.830929808686,349.593108432724,0.0669294606617654,0.0213239524314907,0.0215559285536442,171742,54717.5817984916,55312.8360075792
"149","那覇","大阪","JAL",134550,130,34200,1,0,16.142931,2,0,462.777517564403,7449.3981264637,990790,1304,462.777517564403,427,14344,68.1,0.13580072467425,46,25,"那覇","大阪","JAL",17100,20562.5185298085,205800.158035039,427,377.037194150237,1,0.13580072467425,0.119928373640003,3.24834712182097e-24,134550,118823.833318779,3.218429844829e-18
"150","那覇","大阪","ANA",145413,130,34200,1,0,16.142931,2,0,478.016431924883,5387.23474178404,990790,1304,478.016431924883,426,14344,71.4,0.146764702913836,46,25,"那覇","大阪","ANA",17100,20957.37546687,21918.7756869212,426,333.872776265114,314.635348964748,0.146764702913836,0.115011278559687,0.108384439633901,145413,113952.024684153,107386.218944872
"151","那覇","関西","JAL",226618,130,34200,4,635,39.38936,2,0,226.713120326309,2932.16519374575,990790,1261,226.713120326309,1471,13871,68,0.228724553134368,46,25,"那覇","関西","JAL",17100,19525.471732193,19229.2523978129,1471,1776.83186104548,2450.24137323598,0.228724553134368,0.276471446975362,0.381252606253278,226618,273925.144948719,377741.269749685
"152","那覇","関西","ANA",240932,130,34200,4,435,39.38936,2,0,245.92912371134,3872.01159793814,990790,1261,245.92912371134,1552,13871,63.1,0.243171610533009,46,25,"那覇","関西","ANA",17100,20453.7306915292,21226.3637468456,1552,1417.08600985894,1413.96758232118,0.243171610533009,0.22194937041795,0.221460950502797,240932,219905.2167164,219421.295148666
"153","那覇","神戸","ANA",152136,125,34200,3,140,30.259194,2,0,243.256585365854,1233.44780487805,990790,1308,243.256585365854,1025,14388,61,0.153550197317292,46,25,"那覇","神戸","ANA",17100,20993.2695090042,21981.1534816109,1025,794.772102697983,742.997527168295,0.153550197317292,0.119029727980979,0.111275664117,152136,117933.464186274,110250.815250482
"154","那覇","神戸","JTA",91141,125,34200,3,600,30.259194,2,0,204.206477732794,2587.68286099865,990790,1308,204.206477732794,741,14388,60.2,0.0919882114272449,46,25,"那覇","神戸","JTA",17100,18589.8745626009,18743.7314299668,741,1189.68177303546,1431.60423652605,0.0919882114272449,0.147609802426018,0.177626339493026,91141,146250.316145675,175990.400906295
"155","那覇","福岡","JAL",210209,100,27500,5,150,5.6347,4,0,192.146608315098,1514.38730853392,655691,1008,192.146608315098,1828,11088,59.8,0.320591559133799,46,37,"那覇","福岡","JAL",13750,16723.1189939495,16942.22798439,1828,2141.59296607225,2105.97239219075,0.320591559133799,0.375293995561488,0.369051825500246,210209,246076.895243708,241983.960514082
"156","那覇","福岡","ANA",371051,100,27500,8,685,5.6347,4,0,207.701271914747,2095.67720866277,655691,1008,207.701271914747,2909,11088,61.4,0.565893080734675,46,37,"那覇","福岡","ANA",13750,17875.7888170146,18046.6437461494,2909,2402.62083108045,2397.42383185196,0.565893080734675,0.467297591643298,0.466286801596099,371051,306402.825162186,305740.059225348
"157","那覇","福岡","JTA",27577,100,27500,1,615,5.6347,4,0,145.313351498638,953.659400544959,655691,1008,145.313351498638,367,11088,51.7,0.042057920575393,46,37,"那覇","福岡","JTA",13750,14994.4872198451,15010.062449002,367,725.116338177014,758.370613976801,0.042057920575393,0.0830815385814637,0.0868917084154583,27577,54475.8171140185,56974.1111826402
"158","那覇","福岡","SKY",46854,100,19800,2,470,5.6347,4,0,177,0,655691,1008,177,591,5544,44.8,0.0714574395561324,46,37,"那覇","福岡","SKY",9900,9413.21249024231,9427.338306006,591,614.60177663549,643.069878404079,0.0714574395561324,0.0743268742137497,0.0777696644881962,46854,48735.4624800878,50992.8690779299
